Exp_Compound,Comp_Model,Reporter,Atoms_Tracked,GLS_Type,Group,Epsilon,Conformer,Gibbs_Hartree,DeltaG_kcal_mol,Boltzmann_Weight,F_Shielding_ppm,Sigma_avg_ppm
21,31,"F-2,6","[7, 10]",aromatic,Group1_100Aq,78.3,conf_01,-1121.89854014,0.000000,0.46861048,267.151,267.386566
21,31,"F-2,6","[7, 10]",aromatic,Group1_100Aq,78.3,conf_02,-1121.89804250,0.312274,0.27663928,267.579,267.386566
21,31,"F-2,6","[7, 10]",aromatic,Group1_100Aq,78.3,conf_03,-1121.89796467,0.361113,0.25475023,267.610,267.386566
21,31,"F-2,6","[7, 10]",aromatic,Group2_80-20,69.18,conf_01,-1121.89852419,0.000000,0.46873983,267.135,267.370658
21,31,"F-2,6","[7, 10]",aromatic,Group2_80-20,69.18,conf_02,-1121.89802605,0.312587,0.27656914,267.564,267.370658
21,31,"F-2,6","[7, 10]",aromatic,Group2_80-20,69.18,conf_03,-1121.89794824,0.361414,0.25469104,267.594,267.370658
21,31,"F-2,6","[7, 10]",aromatic,Group3_60-40,60.06,conf_01,-1121.89850266,0.000000,0.46867692,267.114,267.350015
21,31,"F-2,6","[7, 10]",aromatic,Group3_60-40,60.06,conf_02,-1121.89800484,0.312387,0.27662576,267.546,267.350015
21,31,"F-2,6","[7, 10]",aromatic,Group3_60-40,60.06,conf_03,-1121.89792686,0.361320,0.25469732,267.572,267.350015
21,31,"F-2,6","[7, 10]",aromatic,Group4_40-60,50.94,conf_01,-1121.89847389,0.000000,0.46886240,267.086,267.320236
21,31,"F-2,6","[7, 10]",aromatic,Group4_40-60,50.94,conf_02,-1121.89797494,0.313096,0.27640424,267.514,267.320236
21,31,"F-2,6","[7, 10]",aromatic,Group4_40-60,50.94,conf_03,-1121.89789785,0.361470,0.25473336,267.541,267.320236
21,31,"F-2,6","[7, 10]",aromatic,Group5_20-80,41.82,conf_01,-1121.89843295,0.000000,0.46908737,267.044,267.277927
21,31,"F-2,6","[7, 10]",aromatic,Group5_20-80,41.82,conf_02,-1121.89793296,0.313748,0.27623243,267.471,267.277927
21,31,"F-2,6","[7, 10]",aromatic,Group5_20-80,41.82,conf_03,-1121.89785626,0.361878,0.25468019,267.499,267.277927
21,31,"F-2,6","[7, 10]",aromatic,Group6_100Org,32.7,conf_01,-1121.89836991,0.000000,0.46950256,266.980,267.211217
21,31,"F-2,6","[7, 10]",aromatic,Group6_100Org,32.7,conf_02,-1121.89786837,0.314721,0.27602342,267.400,267.211217
21,31,"F-2,6","[7, 10]",aromatic,Group6_100Org,32.7,conf_03,-1121.89779162,0.362882,0.25447402,267.433,267.211217
21,31,"F-3,5","[5, 12]",aromatic,Group1_100Aq,78.3,conf_01,-1121.89854014,0.000000,0.46861048,313.954,313.667273
21,31,"F-3,5","[5, 12]",aromatic,Group1_100Aq,78.3,conf_02,-1121.89804250,0.312274,0.27663928,313.400,313.667273
21,31,"F-3,5","[5, 12]",aromatic,Group1_100Aq,78.3,conf_03,-1121.89796467,0.361113,0.25475023,313.431,313.667273
21,31,"F-3,5","[5, 12]",aromatic,Group2_80-20,69.18,conf_01,-1121.89852419,0.000000,0.46873983,313.949,313.658960
21,31,"F-3,5","[5, 12]",aromatic,Group2_80-20,69.18,conf_02,-1121.89802605,0.312587,0.27656914,313.381,313.658960
21,31,"F-3,5","[5, 12]",aromatic,Group2_80-20,69.18,conf_03,-1121.89794824,0.361414,0.25469104,313.427,313.658960
21,31,"F-3,5","[5, 12]",aromatic,Group3_60-40,60.06,conf_01,-1121.89850266,0.000000,0.46867692,313.944,313.651103
21,31,"F-3,5","[5, 12]",aromatic,Group3_60-40,60.06,conf_02,-1121.89800484,0.312387,0.27662576,313.364,313.651103
21,31,"F-3,5","[5, 12]",aromatic,Group3_60-40,60.06,conf_03,-1121.89792686,0.361320,0.25469732,313.424,313.651103
21,31,"F-3,5","[5, 12]",aromatic,Group4_40-60,50.94,conf_01,-1121.89847389,0.000000,0.46886240,313.938,313.646724
21,31,"F-3,5","[5, 12]",aromatic,Group4_40-60,50.94,conf_02,-1121.89797494,0.313096,0.27640424,313.367,313.646724
21,31,"F-3,5","[5, 12]",aromatic,Group4_40-60,50.94,conf_03,-1121.89789785,0.361470,0.25473336,313.414,313.646724
21,31,"F-3,5","[5, 12]",aromatic,Group5_20-80,41.82,conf_01,-1121.89843295,0.000000,0.46908737,313.928,313.637413
21,31,"F-3,5","[5, 12]",aromatic,Group5_20-80,41.82,conf_02,-1121.89793296,0.313748,0.27623243,313.360,313.637413
21,31,"F-3,5","[5, 12]",aromatic,Group5_20-80,41.82,conf_03,-1121.89785626,0.361878,0.25468019,313.404,313.637413
21,31,"F-3,5","[5, 12]",aromatic,Group6_100Org,32.7,conf_01,-1121.89836991,0.000000,0.46950256,313.913,313.620867
21,31,"F-3,5","[5, 12]",aromatic,Group6_100Org,32.7,conf_02,-1121.89786837,0.314721,0.27602342,313.340,313.620867
21,31,"F-3,5","[5, 12]",aromatic,Group6_100Org,32.7,conf_03,-1121.89779162,0.362882,0.25447402,313.388,313.620867
22,32,F-3,[5],aromatic,Group1_100Aq,78.3,conf_01,-1499.37176619,0.054317,0.04320572,294.762,294.857406
22,32,F-3,[5],aromatic,Group1_100Aq,78.3,conf_02,-1499.37175218,0.063109,0.04256936,294.710,294.857406
22,32,F-3,[5],aromatic,Group1_100Aq,78.3,conf_03,-1499.37173262,0.075383,0.04169656,295.220,294.857406
22,32,F-3,[5],aromatic,Group1_100Aq,78.3,conf_04,-1499.37184812,0.002905,0.04712229,294.694,294.857406
22,32,F-3,[5],aromatic,Group1_100Aq,78.3,conf_05,-1499.37185275,0.000000,0.04735393,294.730,294.857406
22,32,F-3,[5],aromatic,Group1_100Aq,78.3,conf_06,-1499.37175429,0.061785,0.04266460,295.231,294.857406
22,32,F-3,[5],aromatic,Group1_100Aq,78.3,conf_07,-1499.37175587,0.060793,0.04273606,294.717,294.857406
22,32,F-3,[5],aromatic,Group1_100Aq,78.3,conf_08,-1499.37175463,0.061571,0.04267997,295.213,294.857406
22,32,F-3,[5],aromatic,Group1_100Aq,78.3,conf_09,-1499.37098626,0.543730,0.01891468,292.480,294.857406
22,32,F-3,[5],aromatic,Group1_100Aq,78.3,conf_10,-1499.37097119,0.553187,0.01861518,292.310,294.857406
22,32,F-3,[5],aromatic,Group1_100Aq,78.3,conf_11,-1499.37175128,0.063673,0.04252880,295.204,294.857406
22,32,F-3,[5],aromatic,Group1_100Aq,78.3,conf_12,-1499.37175923,0.058685,0.04288841,295.119,294.857406
22,32,F-3,[5],aromatic,Group1_100Aq,78.3,conf_13,-1499.37175705,0.060053,0.04278950,295.192,294.857406
22,32,F-3,[5],aromatic,Group1_100Aq,78.3,conf_14,-1499.37176060,0.057825,0.04295068,295.179,294.857406
22,32,F-3,[5],aromatic,Group1_100Aq,78.3,conf_15,-1499.37182065,0.020143,0.04577108,294.674,294.857406
22,32,F-3,[5],aromatic,Group1_100Aq,78.3,conf_16,-1499.37180879,0.027585,0.04519974,294.664,294.857406
22,32,F-3,[5],aromatic,Group1_100Aq,78.3,conf_17,-1499.37107908,0.485485,0.02086859,296.215,294.857406
22,32,F-3,[5],aromatic,Group1_100Aq,78.3,conf_18,-1499.37173253,0.075439,0.04169258,294.742,294.857406
22,32,F-3,[5],aromatic,Group1_100Aq,78.3,conf_19,-1499.37099917,0.535629,0.01917508,296.190,294.857406
22,32,F-3,[5],aromatic,Group1_100Aq,78.3,conf_20,-1499.37107471,0.488227,0.02077223,295.655,294.857406
22,32,F-3,[5],aromatic,Group1_100Aq,78.3,conf_21,-1499.37147734,0.235573,0.03181850,294.753,294.857406
22,32,F-3,[5],aromatic,Group1_100Aq,78.3,conf_22,-1499.37176334,0.056106,0.04307551,294.690,294.857406
22,32,F-3,[5],aromatic,Group1_100Aq,78.3,conf_23,-1499.37179552,0.035912,0.04456892,294.783,294.857406
22,32,F-3,[5],aromatic,Group1_100Aq,78.3,conf_24,-1499.37150813,0.216252,0.03287321,294.744,294.857406
22,32,F-3,[5],aromatic,Group1_100Aq,78.3,conf_25,-1499.37149105,0.226970,0.03228389,294.566,294.857406
22,32,F-3,[5],aromatic,Group1_100Aq,78.3,conf_27,-1499.37153541,0.199134,0.03383686,294.850,294.857406
22,32,F-3,[5],aromatic,Group1_100Aq,78.3,conf_28,-1499.37140103,0.283458,0.02934807,294.889,294.857406
22,32,F-3,[5],aromatic,Group2_80-20,69.18,conf_01,-1499.37174705,0.054060,0.04319857,294.765,294.851192
22,32,F-3,[5],aromatic,Group2_80-20,69.18,conf_02,-1499.37173334,0.062663,0.04257584,294.713,294.851192
22,32,F-3,[5],aromatic,Group2_80-20,69.18,conf_03,-1499.37171369,0.074994,0.04169893,295.211,294.851192
22,32,F-3,[5],aromatic,Group2_80-20,69.18,conf_04,-1499.37182874,0.002799,0.04710252,294.685,294.851192
22,32,F-3,[5],aromatic,Group2_80-20,69.18,conf_05,-1499.37183320,0.000000,0.04732554,294.721,294.851192
22,32,F-3,[5],aromatic,Group2_80-20,69.18,conf_06,-1499.37173523,0.061477,0.04266115,295.221,294.851192
22,32,F-3,[5],aromatic,Group2_80-20,69.18,conf_07,-1499.37173607,0.060950,0.04269912,294.709,294.851192
22,32,F-3,[5],aromatic,Group2_80-20,69.18,conf_08,-1499.37173440,0.061998,0.04262367,295.203,294.851192
22,32,F-3,[5],aromatic,Group2_80-20,69.18,conf_09,-1499.37096746,0.543260,0.01891836,292.483,294.851192
22,32,F-3,[5],aromatic,Group2_80-20,69.18,conf_10,-1499.37095237,0.552729,0.01861841,292.313,294.851192
22,32,F-3,[5],aromatic,Group2_80-20,69.18,conf_11,-1499.37173217,0.063397,0.04252312,295.194,294.851192
22,32,F-3,[5],aromatic,Group2_80-20,69.18,conf_12,-1499.37174021,0.058352,0.04288676,295.109,294.851192
22,32,F-3,[5],aromatic,Group2_80-20,69.18,conf_13,-1499.37173775,0.059896,0.04277517,295.183,294.851192
22,32,F-3,[5],aromatic,Group2_80-20,69.18,conf_14,-1499.37174132,0.057656,0.04293721,295.169,294.851192
22,32,F-3,[5],aromatic,Group2_80-20,69.18,conf_15,-1499.37180797,0.015832,0.04607768,294.677,294.851192
22,32,F-3,[5],aromatic,Group2_80-20,69.18,conf_16,-1499.37178949,0.027428,0.04518460,294.655,294.851192
22,32,F-3,[5],aromatic,Group2_80-20,69.18,conf_17,-1499.37105984,0.485290,0.02086293,296.204,294.851192
22,32,F-3,[5],aromatic,Group2_80-20,69.18,conf_18,-1499.37171352,0.075100,0.04169142,294.733,294.851192
22,32,F-3,[5],aromatic,Group2_80-20,69.18,conf_19,-1499.37098017,0.535284,0.01917475,296.180,294.851192
22,32,F-3,[5],aromatic,Group2_80-20,69.18,conf_20,-1499.37105533,0.488120,0.02076351,295.646,294.851192
22,32,F-3,[5],aromatic,Group2_80-20,69.18,conf_21,-1499.37145811,0.235372,0.03181020,294.755,294.851192
22,32,F-3,[5],aromatic,Group2_80-20,69.18,conf_22,-1499.37174423,0.055829,0.04306974,294.682,294.851192
22,32,F-3,[5],aromatic,Group2_80-20,69.18,conf_23,-1499.37177610,0.035831,0.04454833,294.774,294.851192
22,32,F-3,[5],aromatic,Group2_80-20,69.18,conf_24,-1499.37148839,0.216371,0.03284689,294.748,294.851192
22,32,F-3,[5],aromatic,Group2_80-20,69.18,conf_25,-1499.37147150,0.226970,0.03226453,294.565,294.851192
22,32,F-3,[5],aromatic,Group2_80-20,69.18,conf_27,-1499.37151593,0.199090,0.03381908,294.841,294.851192
22,32,F-3,[5],aromatic,Group2_80-20,69.18,conf_28,-1499.37138185,0.283226,0.02934197,294.880,294.851192
22,32,F-3,[5],aromatic,Group3_60-40,60.06,conf_01,-1499.37172209,0.053790,0.04319428,294.770,294.841342
22,32,F-3,[5],aromatic,Group3_60-40,60.06,conf_02,-1499.37170879,0.062136,0.04259010,294.716,294.841342
22,32,F-3,[5],aromatic,Group3_60-40,60.06,conf_03,-1499.37168901,0.074548,0.04170715,295.197,294.841342
22,32,F-3,[5],aromatic,Group3_60-40,60.06,conf_04,-1499.37180353,0.002686,0.04708537,294.673,294.841342
22,32,F-3,[5],aromatic,Group3_60-40,60.06,conf_05,-1499.37180781,0.000000,0.04729929,294.709,294.841342
22,32,F-3,[5],aromatic,Group3_60-40,60.06,conf_06,-1499.37171115,0.060655,0.04269669,295.206,294.841342
22,32,F-3,[5],aromatic,Group3_60-40,60.06,conf_07,-1499.37171113,0.060668,0.04269579,294.696,294.841342
22,32,F-3,[5],aromatic,Group3_60-40,60.06,conf_08,-1499.37170958,0.061640,0.04262575,295.190,294.841342
22,32,F-3,[5],aromatic,Group3_60-40,60.06,conf_09,-1499.37094366,0.542262,0.01893973,292.498,294.841342
22,32,F-3,[5],aromatic,Group3_60-40,60.06,conf_10,-1499.37092779,0.552220,0.01862405,292.317,294.841342
22,32,F-3,[5],aromatic,Group3_60-40,60.06,conf_11,-1499.37170730,0.063071,0.04252294,295.181,294.841342
22,32,F-3,[5],aromatic,Group3_60-40,60.06,conf_12,-1499.37171535,0.058019,0.04288704,295.097,294.841342
22,32,F-3,[5],aromatic,Group3_60-40,60.06,conf_13,-1499.37171276,0.059645,0.04276956,295.170,294.841342
22,32,F-3,[5],aromatic,Group3_60-40,60.06,conf_14,-1499.37171631,0.057417,0.04293067,295.156,294.841342
22,32,F-3,[5],aromatic,Group3_60-40,60.06,conf_15,-1499.37178285,0.015663,0.04606530,294.666,294.841342
22,32,F-3,[5],aromatic,Group3_60-40,60.06,conf_16,-1499.37176455,0.027146,0.04518106,294.644,294.841342
22,32,F-3,[5],aromatic,Group3_60-40,60.06,conf_17,-1499.37103479,0.485077,0.02085887,296.191,294.841342
22,32,F-3,[5],aromatic,Group3_60-40,60.06,conf_18,-1499.37168843,0.074912,0.04168154,294.722,294.841342
22,32,F-3,[5],aromatic,Group3_60-40,60.06,conf_19,-1499.37095503,0.535127,0.01916919,296.167,294.841342
22,32,F-3,[5],aromatic,Group3_60-40,60.06,conf_20,-1499.37103010,0.488020,0.02075551,295.634,294.841342
22,32,F-3,[5],aromatic,Group3_60-40,60.06,conf_21,-1499.37143305,0.235165,0.03180367,294.759,294.841342
22,32,F-3,[5],aromatic,Group3_60-40,60.06,conf_22,-1499.37171932,0.055528,0.04306775,294.671,294.841342
22,32,F-3,[5],aromatic,Group3_60-40,60.06,conf_23,-1499.37175231,0.034827,0.04459914,294.733,294.841342
22,32,F-3,[5],aromatic,Group3_60-40,60.06,conf_24,-1499.37146355,0.216026,0.03284780,294.751,294.841342
22,32,F-3,[5],aromatic,Group3_60-40,60.06,conf_25,-1499.37144658,0.226675,0.03226270,294.572,294.841342
22,32,F-3,[5],aromatic,Group3_60-40,60.06,conf_27,-1499.37149054,0.199090,0.03380032,294.829,294.841342
22,32,F-3,[5],aromatic,Group3_60-40,60.06,conf_28,-1499.37135688,0.282963,0.02933875,294.868,294.841342
22,32,F-3,[5],aromatic,Group4_40-60,50.94,conf_01,-1499.37169020,0.052115,0.04328929,294.765,294.830185
22,32,F-3,[5],aromatic,Group4_40-60,50.94,conf_02,-1499.37167550,0.061339,0.04262054,294.720,294.830185
22,32,F-3,[5],aromatic,Group4_40-60,50.94,conf_03,-1499.37165547,0.073908,0.04172590,295.180,294.830185
22,32,F-3,[5],aromatic,Group4_40-60,50.94,conf_04,-1499.37176925,0.002510,0.04706964,294.658,294.830185
22,32,F-3,[5],aromatic,Group4_40-60,50.94,conf_05,-1499.37177325,0.000000,0.04726947,294.693,294.830185
22,32,F-3,[5],aromatic,Group4_40-60,50.94,conf_06,-1499.37167752,0.060071,0.04271182,295.188,294.830185
22,32,F-3,[5],aromatic,Group4_40-60,50.94,conf_07,-1499.37167633,0.060818,0.04265802,294.680,294.830185
22,32,F-3,[5],aromatic,Group4_40-60,50.94,conf_08,-1499.37167590,0.061088,0.04263860,295.173,294.830185
22,32,F-3,[5],aromatic,Group4_40-60,50.94,conf_09,-1499.37091123,0.540925,0.01897054,292.501,294.830185
22,32,F-3,[5],aromatic,Group4_40-60,50.94,conf_10,-1499.37089462,0.551348,0.01863973,292.320,294.830185
22,32,F-3,[5],aromatic,Group4_40-60,50.94,conf_11,-1499.37167354,0.062569,0.04253215,295.164,294.830185
22,32,F-3,[5],aromatic,Group4_40-60,50.94,conf_12,-1499.37168189,0.057329,0.04290996,295.079,294.830185
22,32,F-3,[5],aromatic,Group4_40-60,50.94,conf_13,-1499.37167894,0.059180,0.04277610,295.152,294.830185
22,32,F-3,[5],aromatic,Group4_40-60,50.94,conf_14,-1499.37168230,0.057072,0.04292860,295.139,294.830185
22,32,F-3,[5],aromatic,Group4_40-60,50.94,conf_15,-1499.37174884,0.015317,0.04606307,294.651,294.830185
22,32,F-3,[5],aromatic,Group4_40-60,50.94,conf_16,-1499.37173059,0.026770,0.04518128,294.628,294.830185
22,32,F-3,[5],aromatic,Group4_40-60,50.94,conf_17,-1499.37100003,0.485203,0.02084130,296.177,294.830185
22,32,F-3,[5],aromatic,Group4_40-60,50.94,conf_18,-1499.37165416,0.074730,0.04166805,294.708,294.830185
22,32,F-3,[5],aromatic,Group4_40-60,50.94,conf_19,-1499.37092182,0.534280,0.01918451,296.149,294.830185
22,32,F-3,[5],aromatic,Group4_40-60,50.94,conf_20,-1499.37099585,0.487825,0.02074924,295.617,294.830185
22,32,F-3,[5],aromatic,Group4_40-60,50.94,conf_21,-1499.37139907,0.234801,0.03180315,294.763,294.830185
22,32,F-3,[5],aromatic,Group4_40-60,50.94,conf_22,-1499.37168515,0.055284,0.04305837,294.655,294.830185
22,32,F-3,[5],aromatic,Group4_40-60,50.94,conf_23,-1499.37171604,0.035900,0.04449037,294.744,294.830185
22,32,F-3,[5],aromatic,Group4_40-60,50.94,conf_24,-1499.37142933,0.215813,0.03283891,294.756,294.830185
22,32,F-3,[5],aromatic,Group4_40-60,50.94,conf_25,-1499.37141244,0.226412,0.03225670,294.577,294.830185
22,32,F-3,[5],aromatic,Group4_40-60,50.94,conf_27,-1499.37145611,0.199008,0.03378366,294.812,294.830185
22,32,F-3,[5],aromatic,Group4_40-60,50.94,conf_28,-1499.37132299,0.282542,0.02934106,294.851,294.830185
22,32,F-3,[5],aromatic,Group5_20-80,41.82,conf_01,-1499.37163968,0.052899,0.04319660,294.786,294.811757
22,32,F-3,[5],aromatic,Group5_20-80,41.82,conf_02,-1499.37162779,0.060360,0.04265604,294.727,294.811757
22,32,F-3,[5],aromatic,Group5_20-80,41.82,conf_03,-1499.37160729,0.073224,0.04173988,295.155,294.811757
22,32,F-3,[5],aromatic,Group5_20-80,41.82,conf_04,-1499.37172023,0.002353,0.04704353,294.634,294.811757
22,32,F-3,[5],aromatic,Group5_20-80,41.82,conf_05,-1499.37172398,0.000000,0.04723074,294.670,294.811757
22,32,F-3,[5],aromatic,Group5_20-80,41.82,conf_06,-1499.37162922,0.059463,0.04272069,295.163,294.811757
22,32,F-3,[5],aromatic,Group5_20-80,41.82,conf_07,-1499.37162763,0.060460,0.04264881,294.655,294.811757
22,32,F-3,[5],aromatic,Group5_20-80,41.82,conf_08,-1499.37162758,0.060492,0.04264655,295.148,294.811757
22,32,F-3,[5],aromatic,Group5_20-80,41.82,conf_09,-1499.37086490,0.539080,0.01901411,292.550,294.811757
22,32,F-3,[5],aromatic,Group5_20-80,41.82,conf_10,-1499.37084692,0.550363,0.01865545,292.325,294.811757
22,32,F-3,[5],aromatic,Group5_20-80,41.82,conf_11,-1499.37162523,0.061967,0.04254054,295.138,294.811757
22,32,F-3,[5],aromatic,Group5_20-80,41.82,conf_12,-1499.37163365,0.056683,0.04292160,295.055,294.811757
22,32,F-3,[5],aromatic,Group5_20-80,41.82,conf_13,-1499.37163034,0.058760,0.04277140,295.128,294.811757
22,32,F-3,[5],aromatic,Group5_20-80,41.82,conf_14,-1499.37163358,0.056727,0.04291842,295.114,294.811757
22,32,F-3,[5],aromatic,Group5_20-80,41.82,conf_15,-1499.37170006,0.015010,0.04604923,294.627,294.811757
22,32,F-3,[5],aromatic,Group5_20-80,41.82,conf_16,-1499.37168168,0.026544,0.04516148,294.605,294.811757
22,32,F-3,[5],aromatic,Group5_20-80,41.82,conf_17,-1499.37095133,0.484845,0.02083680,296.151,294.811757
22,32,F-3,[5],aromatic,Group5_20-80,41.82,conf_18,-1499.37160463,0.074893,0.04162245,294.688,294.811757
22,32,F-3,[5],aromatic,Group5_20-80,41.82,conf_19,-1499.37087365,0.533590,0.01919114,296.124,294.811757
22,32,F-3,[5],aromatic,Group5_20-80,41.82,conf_20,-1499.37094709,0.487505,0.02074344,295.594,294.811757
22,32,F-3,[5],aromatic,Group5_20-80,41.82,conf_21,-1499.37135032,0.234475,0.03179460,294.770,294.811757
22,32,F-3,[5],aromatic,Group5_20-80,41.82,conf_22,-1499.37164017,0.052592,0.04321902,294.586,294.811757
22,32,F-3,[5],aromatic,Group5_20-80,41.82,conf_23,-1499.37166849,0.034820,0.04453497,294.708,294.811757
22,32,F-3,[5],aromatic,Group5_20-80,41.82,conf_24,-1499.37138022,0.215712,0.03281757,294.762,294.811757
22,32,F-3,[5],aromatic,Group5_20-80,41.82,conf_25,-1499.37136331,0.226324,0.03223505,294.585,294.811757
22,32,F-3,[5],aromatic,Group5_20-80,41.82,conf_27,-1499.37140673,0.199077,0.03375205,294.789,294.811757
22,32,F-3,[5],aromatic,Group5_20-80,41.82,conf_28,-1499.37127439,0.282122,0.02933783,294.828,294.811757
22,32,F-3,[5],aromatic,Group6_100Org,32.7,conf_01,-1499.37156418,0.051876,0.04320478,294.799,294.785926
22,32,F-3,[5],aromatic,Group6_100Org,32.7,conf_02,-1499.37155393,0.058308,0.04273829,294.746,294.785926
22,32,F-3,[5],aromatic,Group6_100Org,32.7,conf_03,-1499.37153298,0.071454,0.04180044,295.117,294.785926
22,32,F-3,[5],aromatic,Group6_100Org,32.7,conf_04,-1499.37164398,0.001801,0.04701509,294.599,294.785926
22,32,F-3,[5],aromatic,Group6_100Org,32.7,conf_05,-1499.37164685,0.000000,0.04715821,294.634,294.785926
22,32,F-3,[5],aromatic,Group6_100Org,32.7,conf_06,-1499.37155418,0.058151,0.04274961,295.124,294.785926
22,32,F-3,[5],aromatic,Group6_100Org,32.7,conf_07,-1499.37155116,0.060046,0.04261309,294.617,294.785926
22,32,F-3,[5],aromatic,Group6_100Org,32.7,conf_08,-1499.37155257,0.059162,0.04267678,295.109,294.785926
22,32,F-3,[5],aromatic,Group6_100Org,32.7,conf_09,-1499.37079599,0.533922,0.01915091,292.595,294.785926
22,32,F-3,[5],aromatic,Group6_100Org,32.7,conf_10,-1499.37077279,0.548481,0.01868608,292.335,294.785926
22,32,F-3,[5],aromatic,Group6_100Org,32.7,conf_11,-1499.37154989,0.060843,0.04255581,295.100,294.785926
22,32,F-3,[5],aromatic,Group6_100Org,32.7,conf_12,-1499.37155882,0.055240,0.04296021,295.017,294.785926
22,32,F-3,[5],aromatic,Group6_100Org,32.7,conf_13,-1499.37155484,0.057737,0.04277950,295.088,294.785926
22,32,F-3,[5],aromatic,Group6_100Org,32.7,conf_14,-1499.37155784,0.055855,0.04291565,295.076,294.785926
22,32,F-3,[5],aromatic,Group6_100Org,32.7,conf_15,-1499.37161886,0.017564,0.04578075,294.580,294.785926
22,32,F-3,[5],aromatic,Group6_100Org,32.7,conf_16,-1499.37160609,0.025577,0.04516573,294.569,294.785926
22,32,F-3,[5],aromatic,Group6_100Org,32.7,conf_17,-1499.37087431,0.484776,0.02080723,296.110,294.785926
22,32,F-3,[5],aromatic,Group6_100Org,32.7,conf_18,-1499.37153115,0.072603,0.04171950,294.646,294.785926
22,32,F-3,[5],aromatic,Group6_100Org,32.7,conf_19,-1499.37079885,0.532128,0.01920901,296.085,294.785926
22,32,F-3,[5],aromatic,Group6_100Org,32.7,conf_20,-1499.37086640,0.489739,0.02063364,295.582,294.785926
22,32,F-3,[5],aromatic,Group6_100Org,32.7,conf_21,-1499.37127456,0.233615,0.03179187,294.781,294.785926
22,32,F-3,[5],aromatic,Group6_100Org,32.7,conf_22,-1499.37156591,0.050791,0.04328402,294.553,294.785926
22,32,F-3,[5],aromatic,Group6_100Org,32.7,conf_23,-1499.37159258,0.034055,0.04452408,294.677,294.785926
22,32,F-3,[5],aromatic,Group6_100Org,32.7,conf_24,-1499.37130390,0.215204,0.03279529,294.774,294.785926
22,32,F-3,[5],aromatic,Group6_100Org,32.7,conf_25,-1499.37128742,0.225546,0.03222785,294.596,294.785926
22,32,F-3,[5],aromatic,Group6_100Org,32.7,conf_27,-1499.37132998,0.198839,0.03371378,294.753,294.785926
22,32,F-3,[5],aromatic,Group6_100Org,32.7,conf_28,-1499.37119887,0.281111,0.02934277,294.791,294.785926
22,32,F-5,[11],aromatic,Group1_100Aq,78.3,conf_01,-1499.37176619,0.054317,0.04320572,320.092,320.322975
22,32,F-5,[11],aromatic,Group1_100Aq,78.3,conf_02,-1499.37175218,0.063109,0.04256936,320.210,320.322975
22,32,F-5,[11],aromatic,Group1_100Aq,78.3,conf_03,-1499.37173262,0.075383,0.04169656,320.496,320.322975
22,32,F-5,[11],aromatic,Group1_100Aq,78.3,conf_04,-1499.37184812,0.002905,0.04712229,320.362,320.322975
22,32,F-5,[11],aromatic,Group1_100Aq,78.3,conf_05,-1499.37185275,0.000000,0.04735393,320.401,320.322975
22,32,F-5,[11],aromatic,Group1_100Aq,78.3,conf_06,-1499.37175429,0.061785,0.04266460,320.486,320.322975
22,32,F-5,[11],aromatic,Group1_100Aq,78.3,conf_07,-1499.37175587,0.060793,0.04273606,320.361,320.322975
22,32,F-5,[11],aromatic,Group1_100Aq,78.3,conf_08,-1499.37175463,0.061571,0.04267997,320.467,320.322975
22,32,F-5,[11],aromatic,Group1_100Aq,78.3,conf_09,-1499.37098626,0.543730,0.01891468,321.160,320.322975
22,32,F-5,[11],aromatic,Group1_100Aq,78.3,conf_10,-1499.37097119,0.553187,0.01861518,321.019,320.322975
22,32,F-5,[11],aromatic,Group1_100Aq,78.3,conf_11,-1499.37175128,0.063673,0.04252880,320.485,320.322975
22,32,F-5,[11],aromatic,Group1_100Aq,78.3,conf_12,-1499.37175923,0.058685,0.04288841,320.326,320.322975
22,32,F-5,[11],aromatic,Group1_100Aq,78.3,conf_13,-1499.37175705,0.060053,0.04278950,320.433,320.322975
22,32,F-5,[11],aromatic,Group1_100Aq,78.3,conf_14,-1499.37176060,0.057825,0.04295068,320.423,320.322975
22,32,F-5,[11],aromatic,Group1_100Aq,78.3,conf_15,-1499.37182065,0.020143,0.04577108,320.300,320.322975
22,32,F-5,[11],aromatic,Group1_100Aq,78.3,conf_16,-1499.37180879,0.027585,0.04519974,320.215,320.322975
22,32,F-5,[11],aromatic,Group1_100Aq,78.3,conf_17,-1499.37107908,0.485485,0.02086859,318.302,320.322975
22,32,F-5,[11],aromatic,Group1_100Aq,78.3,conf_18,-1499.37173253,0.075439,0.04169258,320.389,320.322975
22,32,F-5,[11],aromatic,Group1_100Aq,78.3,conf_19,-1499.37099917,0.535629,0.01917508,318.208,320.322975
22,32,F-5,[11],aromatic,Group1_100Aq,78.3,conf_20,-1499.37107471,0.488227,0.02077223,318.121,320.322975
22,32,F-5,[11],aromatic,Group1_100Aq,78.3,conf_21,-1499.37147734,0.235573,0.03181850,320.722,320.322975
22,32,F-5,[11],aromatic,Group1_100Aq,78.3,conf_22,-1499.37176334,0.056106,0.04307551,320.344,320.322975
22,32,F-5,[11],aromatic,Group1_100Aq,78.3,conf_23,-1499.37179552,0.035912,0.04456892,320.387,320.322975
22,32,F-5,[11],aromatic,Group1_100Aq,78.3,conf_24,-1499.37150813,0.216252,0.03287321,320.694,320.322975
22,32,F-5,[11],aromatic,Group1_100Aq,78.3,conf_25,-1499.37149105,0.226970,0.03228389,320.628,320.322975
22,32,F-5,[11],aromatic,Group1_100Aq,78.3,conf_27,-1499.37153541,0.199134,0.03383686,320.883,320.322975
22,32,F-5,[11],aromatic,Group1_100Aq,78.3,conf_28,-1499.37140103,0.283458,0.02934807,320.892,320.322975
22,32,F-5,[11],aromatic,Group2_80-20,69.18,conf_01,-1499.37174705,0.054060,0.04319857,320.082,320.320303
22,32,F-5,[11],aromatic,Group2_80-20,69.18,conf_02,-1499.37173334,0.062663,0.04257584,320.200,320.320303
22,32,F-5,[11],aromatic,Group2_80-20,69.18,conf_03,-1499.37171369,0.074994,0.04169893,320.496,320.320303
22,32,F-5,[11],aromatic,Group2_80-20,69.18,conf_04,-1499.37182874,0.002799,0.04710252,320.363,320.320303
22,32,F-5,[11],aromatic,Group2_80-20,69.18,conf_05,-1499.37183320,0.000000,0.04732554,320.402,320.320303
22,32,F-5,[11],aromatic,Group2_80-20,69.18,conf_06,-1499.37173523,0.061477,0.04266115,320.486,320.320303
22,32,F-5,[11],aromatic,Group2_80-20,69.18,conf_07,-1499.37173607,0.060950,0.04269912,320.364,320.320303
22,32,F-5,[11],aromatic,Group2_80-20,69.18,conf_08,-1499.37173440,0.061998,0.04262367,320.468,320.320303
22,32,F-5,[11],aromatic,Group2_80-20,69.18,conf_09,-1499.37096746,0.543260,0.01891836,321.149,320.320303
22,32,F-5,[11],aromatic,Group2_80-20,69.18,conf_10,-1499.37095237,0.552729,0.01861841,321.009,320.320303
22,32,F-5,[11],aromatic,Group2_80-20,69.18,conf_11,-1499.37173217,0.063397,0.04252312,320.485,320.320303
22,32,F-5,[11],aromatic,Group2_80-20,69.18,conf_12,-1499.37174021,0.058352,0.04288676,320.326,320.320303
22,32,F-5,[11],aromatic,Group2_80-20,69.18,conf_13,-1499.37173775,0.059896,0.04277517,320.434,320.320303
22,32,F-5,[11],aromatic,Group2_80-20,69.18,conf_14,-1499.37174132,0.057656,0.04293721,320.423,320.320303
22,32,F-5,[11],aromatic,Group2_80-20,69.18,conf_15,-1499.37180797,0.015832,0.04607768,320.285,320.320303
22,32,F-5,[11],aromatic,Group2_80-20,69.18,conf_16,-1499.37178949,0.027428,0.04518460,320.215,320.320303
22,32,F-5,[11],aromatic,Group2_80-20,69.18,conf_17,-1499.37105984,0.485290,0.02086293,318.302,320.320303
22,32,F-5,[11],aromatic,Group2_80-20,69.18,conf_18,-1499.37171352,0.075100,0.04169142,320.388,320.320303
22,32,F-5,[11],aromatic,Group2_80-20,69.18,conf_19,-1499.37098017,0.535284,0.01917475,318.208,320.320303
22,32,F-5,[11],aromatic,Group2_80-20,69.18,conf_20,-1499.37105533,0.488120,0.02076351,318.121,320.320303
22,32,F-5,[11],aromatic,Group2_80-20,69.18,conf_21,-1499.37145811,0.235372,0.03181020,320.711,320.320303
22,32,F-5,[11],aromatic,Group2_80-20,69.18,conf_22,-1499.37174423,0.055829,0.04306974,320.345,320.320303
22,32,F-5,[11],aromatic,Group2_80-20,69.18,conf_23,-1499.37177610,0.035831,0.04454833,320.388,320.320303
22,32,F-5,[11],aromatic,Group2_80-20,69.18,conf_24,-1499.37148839,0.216371,0.03284689,320.683,320.320303
22,32,F-5,[11],aromatic,Group2_80-20,69.18,conf_25,-1499.37147150,0.226970,0.03226453,320.616,320.320303
22,32,F-5,[11],aromatic,Group2_80-20,69.18,conf_27,-1499.37151593,0.199090,0.03381908,320.884,320.320303
22,32,F-5,[11],aromatic,Group2_80-20,69.18,conf_28,-1499.37138185,0.283226,0.02934197,320.892,320.320303
22,32,F-5,[11],aromatic,Group3_60-40,60.06,conf_01,-1499.37172209,0.053790,0.04319428,320.069,320.317374
22,32,F-5,[11],aromatic,Group3_60-40,60.06,conf_02,-1499.37170879,0.062136,0.04259010,320.185,320.317374
22,32,F-5,[11],aromatic,Group3_60-40,60.06,conf_03,-1499.37168901,0.074548,0.04170715,320.497,320.317374
22,32,F-5,[11],aromatic,Group3_60-40,60.06,conf_04,-1499.37180353,0.002686,0.04708537,320.365,320.317374
22,32,F-5,[11],aromatic,Group3_60-40,60.06,conf_05,-1499.37180781,0.000000,0.04729929,320.402,320.317374
22,32,F-5,[11],aromatic,Group3_60-40,60.06,conf_06,-1499.37171115,0.060655,0.04269669,320.483,320.317374
22,32,F-5,[11],aromatic,Group3_60-40,60.06,conf_07,-1499.37171113,0.060668,0.04269579,320.364,320.317374
22,32,F-5,[11],aromatic,Group3_60-40,60.06,conf_08,-1499.37170958,0.061640,0.04262575,320.469,320.317374
22,32,F-5,[11],aromatic,Group3_60-40,60.06,conf_09,-1499.37094366,0.542262,0.01893973,321.136,320.317374
22,32,F-5,[11],aromatic,Group3_60-40,60.06,conf_10,-1499.37092779,0.552220,0.01862405,320.995,320.317374
22,32,F-5,[11],aromatic,Group3_60-40,60.06,conf_11,-1499.37170730,0.063071,0.04252294,320.486,320.317374
22,32,F-5,[11],aromatic,Group3_60-40,60.06,conf_12,-1499.37171535,0.058019,0.04288704,320.327,320.317374
22,32,F-5,[11],aromatic,Group3_60-40,60.06,conf_13,-1499.37171276,0.059645,0.04276956,320.434,320.317374
22,32,F-5,[11],aromatic,Group3_60-40,60.06,conf_14,-1499.37171631,0.057417,0.04293067,320.424,320.317374
22,32,F-5,[11],aromatic,Group3_60-40,60.06,conf_15,-1499.37178285,0.015663,0.04606530,320.287,320.317374
22,32,F-5,[11],aromatic,Group3_60-40,60.06,conf_16,-1499.37176455,0.027146,0.04518106,320.219,320.317374
22,32,F-5,[11],aromatic,Group3_60-40,60.06,conf_17,-1499.37103479,0.485077,0.02085887,318.302,320.317374
22,32,F-5,[11],aromatic,Group3_60-40,60.06,conf_18,-1499.37168843,0.074912,0.04168154,320.390,320.317374
22,32,F-5,[11],aromatic,Group3_60-40,60.06,conf_19,-1499.37095503,0.535127,0.01916919,318.208,320.317374
22,32,F-5,[11],aromatic,Group3_60-40,60.06,conf_20,-1499.37103010,0.488020,0.02075551,318.122,320.317374
22,32,F-5,[11],aromatic,Group3_60-40,60.06,conf_21,-1499.37143305,0.235165,0.03180367,320.696,320.317374
22,32,F-5,[11],aromatic,Group3_60-40,60.06,conf_22,-1499.37171932,0.055528,0.04306775,320.348,320.317374
22,32,F-5,[11],aromatic,Group3_60-40,60.06,conf_23,-1499.37175231,0.034827,0.04459914,320.376,320.317374
22,32,F-5,[11],aromatic,Group3_60-40,60.06,conf_24,-1499.37146355,0.216026,0.03284780,320.668,320.317374
22,32,F-5,[11],aromatic,Group3_60-40,60.06,conf_25,-1499.37144658,0.226675,0.03226270,320.602,320.317374
22,32,F-5,[11],aromatic,Group3_60-40,60.06,conf_27,-1499.37149054,0.199090,0.03380032,320.884,320.317374
22,32,F-5,[11],aromatic,Group3_60-40,60.06,conf_28,-1499.37135688,0.282963,0.02933875,320.892,320.317374
22,32,F-5,[11],aromatic,Group4_40-60,50.94,conf_01,-1499.37169020,0.052115,0.04328929,320.042,320.314471
22,32,F-5,[11],aromatic,Group4_40-60,50.94,conf_02,-1499.37167550,0.061339,0.04262054,320.166,320.314471
22,32,F-5,[11],aromatic,Group4_40-60,50.94,conf_03,-1499.37165547,0.073908,0.04172590,320.498,320.314471
22,32,F-5,[11],aromatic,Group4_40-60,50.94,conf_04,-1499.37176925,0.002510,0.04706964,320.368,320.314471
22,32,F-5,[11],aromatic,Group4_40-60,50.94,conf_05,-1499.37177325,0.000000,0.04726947,320.405,320.314471
22,32,F-5,[11],aromatic,Group4_40-60,50.94,conf_06,-1499.37167752,0.060071,0.04271182,320.484,320.314471
22,32,F-5,[11],aromatic,Group4_40-60,50.94,conf_07,-1499.37167633,0.060818,0.04265802,320.368,320.314471
22,32,F-5,[11],aromatic,Group4_40-60,50.94,conf_08,-1499.37167590,0.061088,0.04263860,320.469,320.314471
22,32,F-5,[11],aromatic,Group4_40-60,50.94,conf_09,-1499.37091123,0.540925,0.01897054,321.116,320.314471
22,32,F-5,[11],aromatic,Group4_40-60,50.94,conf_10,-1499.37089462,0.551348,0.01863973,320.975,320.314471
22,32,F-5,[11],aromatic,Group4_40-60,50.94,conf_11,-1499.37167354,0.062569,0.04253215,320.487,320.314471
22,32,F-5,[11],aromatic,Group4_40-60,50.94,conf_12,-1499.37168189,0.057329,0.04290996,320.329,320.314471
22,32,F-5,[11],aromatic,Group4_40-60,50.94,conf_13,-1499.37167894,0.059180,0.04277610,320.435,320.314471
22,32,F-5,[11],aromatic,Group4_40-60,50.94,conf_14,-1499.37168230,0.057072,0.04292860,320.425,320.314471
22,32,F-5,[11],aromatic,Group4_40-60,50.94,conf_15,-1499.37174884,0.015317,0.04606307,320.289,320.314471
22,32,F-5,[11],aromatic,Group4_40-60,50.94,conf_16,-1499.37173059,0.026770,0.04518128,320.219,320.314471
22,32,F-5,[11],aromatic,Group4_40-60,50.94,conf_17,-1499.37100003,0.485203,0.02084130,318.292,320.314471
22,32,F-5,[11],aromatic,Group4_40-60,50.94,conf_18,-1499.37165416,0.074730,0.04166805,320.394,320.314471
22,32,F-5,[11],aromatic,Group4_40-60,50.94,conf_19,-1499.37092182,0.534280,0.01918451,318.208,320.314471
22,32,F-5,[11],aromatic,Group4_40-60,50.94,conf_20,-1499.37099585,0.487825,0.02074924,318.122,320.314471
22,32,F-5,[11],aromatic,Group4_40-60,50.94,conf_21,-1499.37139907,0.234801,0.03180315,320.676,320.314471
22,32,F-5,[11],aromatic,Group4_40-60,50.94,conf_22,-1499.37168515,0.055284,0.04305837,320.350,320.314471
22,32,F-5,[11],aromatic,Group4_40-60,50.94,conf_23,-1499.37171604,0.035900,0.04449037,320.394,320.314471
22,32,F-5,[11],aromatic,Group4_40-60,50.94,conf_24,-1499.37142933,0.215813,0.03283891,320.649,320.314471
22,32,F-5,[11],aromatic,Group4_40-60,50.94,conf_25,-1499.37141244,0.226412,0.03225670,320.582,320.314471
22,32,F-5,[11],aromatic,Group4_40-60,50.94,conf_27,-1499.37145611,0.199008,0.03378366,320.885,320.314471
22,32,F-5,[11],aromatic,Group4_40-60,50.94,conf_28,-1499.37132299,0.282542,0.02934106,320.892,320.314471
22,32,F-5,[11],aromatic,Group5_20-80,41.82,conf_01,-1499.37163968,0.052899,0.04319660,320.028,320.308099
22,32,F-5,[11],aromatic,Group5_20-80,41.82,conf_02,-1499.37162779,0.060360,0.04265604,320.138,320.308099
22,32,F-5,[11],aromatic,Group5_20-80,41.82,conf_03,-1499.37160729,0.073224,0.04173988,320.499,320.308099
22,32,F-5,[11],aromatic,Group5_20-80,41.82,conf_04,-1499.37172023,0.002353,0.04704353,320.370,320.308099
22,32,F-5,[11],aromatic,Group5_20-80,41.82,conf_05,-1499.37172398,0.000000,0.04723074,320.408,320.308099
22,32,F-5,[11],aromatic,Group5_20-80,41.82,conf_06,-1499.37162922,0.059463,0.04272069,320.486,320.308099
22,32,F-5,[11],aromatic,Group5_20-80,41.82,conf_07,-1499.37162763,0.060460,0.04264881,320.369,320.308099
22,32,F-5,[11],aromatic,Group5_20-80,41.82,conf_08,-1499.37162758,0.060492,0.04264655,320.471,320.308099
22,32,F-5,[11],aromatic,Group5_20-80,41.82,conf_09,-1499.37086490,0.539080,0.01901411,321.095,320.308099
22,32,F-5,[11],aromatic,Group5_20-80,41.82,conf_10,-1499.37084692,0.550363,0.01865545,320.947,320.308099
22,32,F-5,[11],aromatic,Group5_20-80,41.82,conf_11,-1499.37162523,0.061967,0.04254054,320.487,320.308099
22,32,F-5,[11],aromatic,Group5_20-80,41.82,conf_12,-1499.37163365,0.056683,0.04292160,320.331,320.308099
22,32,F-5,[11],aromatic,Group5_20-80,41.82,conf_13,-1499.37163034,0.058760,0.04277140,320.437,320.308099
22,32,F-5,[11],aromatic,Group5_20-80,41.82,conf_14,-1499.37163358,0.056727,0.04291842,320.427,320.308099
22,32,F-5,[11],aromatic,Group5_20-80,41.82,conf_15,-1499.37170006,0.015010,0.04604923,320.293,320.308099
22,32,F-5,[11],aromatic,Group5_20-80,41.82,conf_16,-1499.37168168,0.026544,0.04516148,320.221,320.308099
22,32,F-5,[11],aromatic,Group5_20-80,41.82,conf_17,-1499.37095133,0.484845,0.02083680,318.292,320.308099
22,32,F-5,[11],aromatic,Group5_20-80,41.82,conf_18,-1499.37160463,0.074893,0.04162245,320.399,320.308099
22,32,F-5,[11],aromatic,Group5_20-80,41.82,conf_19,-1499.37087365,0.533590,0.01919114,318.208,320.308099
22,32,F-5,[11],aromatic,Group5_20-80,41.82,conf_20,-1499.37094709,0.487505,0.02074344,318.124,320.308099
22,32,F-5,[11],aromatic,Group5_20-80,41.82,conf_21,-1499.37135032,0.234475,0.03179460,320.648,320.308099
22,32,F-5,[11],aromatic,Group5_20-80,41.82,conf_22,-1499.37164017,0.052592,0.04321902,320.302,320.308099
22,32,F-5,[11],aromatic,Group5_20-80,41.82,conf_23,-1499.37166849,0.034820,0.04453497,320.390,320.308099
22,32,F-5,[11],aromatic,Group5_20-80,41.82,conf_24,-1499.37138022,0.215712,0.03281757,320.620,320.308099
22,32,F-5,[11],aromatic,Group5_20-80,41.82,conf_25,-1499.37136331,0.226324,0.03223505,320.554,320.308099
22,32,F-5,[11],aromatic,Group5_20-80,41.82,conf_27,-1499.37140673,0.199077,0.03375205,320.885,320.308099
22,32,F-5,[11],aromatic,Group5_20-80,41.82,conf_28,-1499.37127439,0.282122,0.02933783,320.893,320.308099
22,32,F-5,[11],aromatic,Group6_100Org,32.7,conf_01,-1499.37156418,0.051876,0.04320478,319.990,320.302763
22,32,F-5,[11],aromatic,Group6_100Org,32.7,conf_02,-1499.37155393,0.058308,0.04273829,320.096,320.302763
22,32,F-5,[11],aromatic,Group6_100Org,32.7,conf_03,-1499.37153298,0.071454,0.04180044,320.500,320.302763
22,32,F-5,[11],aromatic,Group6_100Org,32.7,conf_04,-1499.37164398,0.001801,0.04701509,320.375,320.302763
22,32,F-5,[11],aromatic,Group6_100Org,32.7,conf_05,-1499.37164685,0.000000,0.04715821,320.410,320.302763
22,32,F-5,[11],aromatic,Group6_100Org,32.7,conf_06,-1499.37155418,0.058151,0.04274961,320.488,320.302763
22,32,F-5,[11],aromatic,Group6_100Org,32.7,conf_07,-1499.37155116,0.060046,0.04261309,320.374,320.302763
22,32,F-5,[11],aromatic,Group6_100Org,32.7,conf_08,-1499.37155257,0.059162,0.04267678,320.472,320.302763
22,32,F-5,[11],aromatic,Group6_100Org,32.7,conf_09,-1499.37079599,0.533922,0.01915091,321.059,320.302763
22,32,F-5,[11],aromatic,Group6_100Org,32.7,conf_10,-1499.37077279,0.548481,0.01868608,320.903,320.302763
22,32,F-5,[11],aromatic,Group6_100Org,32.7,conf_11,-1499.37154989,0.060843,0.04255581,320.489,320.302763
22,32,F-5,[11],aromatic,Group6_100Org,32.7,conf_12,-1499.37155882,0.055240,0.04296021,320.334,320.302763
22,32,F-5,[11],aromatic,Group6_100Org,32.7,conf_13,-1499.37155484,0.057737,0.04277950,320.438,320.302763
22,32,F-5,[11],aromatic,Group6_100Org,32.7,conf_14,-1499.37155784,0.055855,0.04291565,320.429,320.302763
22,32,F-5,[11],aromatic,Group6_100Org,32.7,conf_15,-1499.37161886,0.017564,0.04578075,320.313,320.302763
22,32,F-5,[11],aromatic,Group6_100Org,32.7,conf_16,-1499.37160609,0.025577,0.04516573,320.225,320.302763
22,32,F-5,[11],aromatic,Group6_100Org,32.7,conf_17,-1499.37087431,0.484776,0.02080723,318.288,320.302763
22,32,F-5,[11],aromatic,Group6_100Org,32.7,conf_18,-1499.37153115,0.072603,0.04171950,320.405,320.302763
22,32,F-5,[11],aromatic,Group6_100Org,32.7,conf_19,-1499.37079885,0.532128,0.01920901,318.208,320.302763
22,32,F-5,[11],aromatic,Group6_100Org,32.7,conf_20,-1499.37086640,0.489739,0.02063364,318.136,320.302763
22,32,F-5,[11],aromatic,Group6_100Org,32.7,conf_21,-1499.37127456,0.233615,0.03179187,320.603,320.302763
22,32,F-5,[11],aromatic,Group6_100Org,32.7,conf_22,-1499.37156591,0.050791,0.04328402,320.339,320.302763
22,32,F-5,[11],aromatic,Group6_100Org,32.7,conf_23,-1499.37159258,0.034055,0.04452408,320.375,320.302763
22,32,F-5,[11],aromatic,Group6_100Org,32.7,conf_24,-1499.37130390,0.215204,0.03279529,320.576,320.302763
22,32,F-5,[11],aromatic,Group6_100Org,32.7,conf_25,-1499.37128742,0.225546,0.03222785,320.510,320.302763
22,32,F-5,[11],aromatic,Group6_100Org,32.7,conf_27,-1499.37132998,0.198839,0.03371378,320.886,320.302763
22,32,F-5,[11],aromatic,Group6_100Org,32.7,conf_28,-1499.37119887,0.281111,0.02934277,320.893,320.302763
22,32,F-6,[13],aromatic,Group1_100Aq,78.3,conf_01,-1499.37176619,0.054317,0.04320572,267.493,267.861686
22,32,F-6,[13],aromatic,Group1_100Aq,78.3,conf_02,-1499.37175218,0.063109,0.04256936,267.544,267.861686
22,32,F-6,[13],aromatic,Group1_100Aq,78.3,conf_03,-1499.37173262,0.075383,0.04169656,268.024,267.861686
22,32,F-6,[13],aromatic,Group1_100Aq,78.3,conf_04,-1499.37184812,0.002905,0.04712229,267.888,267.861686
22,32,F-6,[13],aromatic,Group1_100Aq,78.3,conf_05,-1499.37185275,0.000000,0.04735393,267.894,267.861686
22,32,F-6,[13],aromatic,Group1_100Aq,78.3,conf_06,-1499.37175429,0.061785,0.04266460,268.030,267.861686
22,32,F-6,[13],aromatic,Group1_100Aq,78.3,conf_07,-1499.37175587,0.060793,0.04273606,267.921,267.861686
22,32,F-6,[13],aromatic,Group1_100Aq,78.3,conf_08,-1499.37175463,0.061571,0.04267997,268.005,267.861686
22,32,F-6,[13],aromatic,Group1_100Aq,78.3,conf_09,-1499.37098626,0.543730,0.01891468,268.499,267.861686
22,32,F-6,[13],aromatic,Group1_100Aq,78.3,conf_10,-1499.37097119,0.553187,0.01861518,268.384,267.861686
22,32,F-6,[13],aromatic,Group1_100Aq,78.3,conf_11,-1499.37175128,0.063673,0.04252880,267.998,267.861686
22,32,F-6,[13],aromatic,Group1_100Aq,78.3,conf_12,-1499.37175923,0.058685,0.04288841,268.012,267.861686
22,32,F-6,[13],aromatic,Group1_100Aq,78.3,conf_13,-1499.37175705,0.060053,0.04278950,268.003,267.861686
22,32,F-6,[13],aromatic,Group1_100Aq,78.3,conf_14,-1499.37176060,0.057825,0.04295068,268.003,267.861686
22,32,F-6,[13],aromatic,Group1_100Aq,78.3,conf_15,-1499.37182065,0.020143,0.04577108,267.896,267.861686
22,32,F-6,[13],aromatic,Group1_100Aq,78.3,conf_16,-1499.37180879,0.027585,0.04519974,267.883,267.861686
22,32,F-6,[13],aromatic,Group1_100Aq,78.3,conf_17,-1499.37107908,0.485485,0.02086859,267.756,267.861686
22,32,F-6,[13],aromatic,Group1_100Aq,78.3,conf_18,-1499.37173253,0.075439,0.04169258,267.908,267.861686
22,32,F-6,[13],aromatic,Group1_100Aq,78.3,conf_19,-1499.37099917,0.535629,0.01917508,267.773,267.861686
22,32,F-6,[13],aromatic,Group1_100Aq,78.3,conf_20,-1499.37107471,0.488227,0.02077223,267.644,267.861686
22,32,F-6,[13],aromatic,Group1_100Aq,78.3,conf_21,-1499.37147734,0.235573,0.03181850,267.489,267.861686
22,32,F-6,[13],aromatic,Group1_100Aq,78.3,conf_22,-1499.37176334,0.056106,0.04307551,267.899,267.861686
22,32,F-6,[13],aromatic,Group1_100Aq,78.3,conf_23,-1499.37179552,0.035912,0.04456892,267.905,267.861686
22,32,F-6,[13],aromatic,Group1_100Aq,78.3,conf_24,-1499.37150813,0.216252,0.03287321,267.457,267.861686
22,32,F-6,[13],aromatic,Group1_100Aq,78.3,conf_25,-1499.37149105,0.226970,0.03228389,267.393,267.861686
22,32,F-6,[13],aromatic,Group1_100Aq,78.3,conf_27,-1499.37153541,0.199134,0.03383686,267.808,267.861686
22,32,F-6,[13],aromatic,Group1_100Aq,78.3,conf_28,-1499.37140103,0.283458,0.02934807,267.878,267.861686
22,32,F-6,[13],aromatic,Group2_80-20,69.18,conf_01,-1499.37174705,0.054060,0.04319857,267.480,267.849651
22,32,F-6,[13],aromatic,Group2_80-20,69.18,conf_02,-1499.37173334,0.062663,0.04257584,267.530,267.849651
22,32,F-6,[13],aromatic,Group2_80-20,69.18,conf_03,-1499.37171369,0.074994,0.04169893,268.013,267.849651
22,32,F-6,[13],aromatic,Group2_80-20,69.18,conf_04,-1499.37182874,0.002799,0.04710252,267.877,267.849651
22,32,F-6,[13],aromatic,Group2_80-20,69.18,conf_05,-1499.37183320,0.000000,0.04732554,267.883,267.849651
22,32,F-6,[13],aromatic,Group2_80-20,69.18,conf_06,-1499.37173523,0.061477,0.04266115,268.019,267.849651
22,32,F-6,[13],aromatic,Group2_80-20,69.18,conf_07,-1499.37173607,0.060950,0.04269912,267.910,267.849651
22,32,F-6,[13],aromatic,Group2_80-20,69.18,conf_08,-1499.37173440,0.061998,0.04262367,267.994,267.849651
22,32,F-6,[13],aromatic,Group2_80-20,69.18,conf_09,-1499.37096746,0.543260,0.01891836,268.483,267.849651
22,32,F-6,[13],aromatic,Group2_80-20,69.18,conf_10,-1499.37095237,0.552729,0.01861841,268.370,267.849651
22,32,F-6,[13],aromatic,Group2_80-20,69.18,conf_11,-1499.37173217,0.063397,0.04252312,267.987,267.849651
22,32,F-6,[13],aromatic,Group2_80-20,69.18,conf_12,-1499.37174021,0.058352,0.04288676,268.001,267.849651
22,32,F-6,[13],aromatic,Group2_80-20,69.18,conf_13,-1499.37173775,0.059896,0.04277517,267.992,267.849651
22,32,F-6,[13],aromatic,Group2_80-20,69.18,conf_14,-1499.37174132,0.057656,0.04293721,267.993,267.849651
22,32,F-6,[13],aromatic,Group2_80-20,69.18,conf_15,-1499.37180797,0.015832,0.04607768,267.876,267.849651
22,32,F-6,[13],aromatic,Group2_80-20,69.18,conf_16,-1499.37178949,0.027428,0.04518460,267.872,267.849651
22,32,F-6,[13],aromatic,Group2_80-20,69.18,conf_17,-1499.37105984,0.485290,0.02086293,267.745,267.849651
22,32,F-6,[13],aromatic,Group2_80-20,69.18,conf_18,-1499.37171352,0.075100,0.04169142,267.898,267.849651
22,32,F-6,[13],aromatic,Group2_80-20,69.18,conf_19,-1499.37098017,0.535284,0.01917475,267.762,267.849651
22,32,F-6,[13],aromatic,Group2_80-20,69.18,conf_20,-1499.37105533,0.488120,0.02076351,267.632,267.849651
22,32,F-6,[13],aromatic,Group2_80-20,69.18,conf_21,-1499.37145811,0.235372,0.03181020,267.474,267.849651
22,32,F-6,[13],aromatic,Group2_80-20,69.18,conf_22,-1499.37174423,0.055829,0.04306974,267.888,267.849651
22,32,F-6,[13],aromatic,Group2_80-20,69.18,conf_23,-1499.37177610,0.035831,0.04454833,267.895,267.849651
22,32,F-6,[13],aromatic,Group2_80-20,69.18,conf_24,-1499.37148839,0.216371,0.03284689,267.443,267.849651
22,32,F-6,[13],aromatic,Group2_80-20,69.18,conf_25,-1499.37147150,0.226970,0.03226453,267.377,267.849651
22,32,F-6,[13],aromatic,Group2_80-20,69.18,conf_27,-1499.37151593,0.199090,0.03381908,267.797,267.849651
22,32,F-6,[13],aromatic,Group2_80-20,69.18,conf_28,-1499.37138185,0.283226,0.02934197,267.867,267.849651
22,32,F-6,[13],aromatic,Group3_60-40,60.06,conf_01,-1499.37172209,0.053790,0.04319428,267.462,267.833949
22,32,F-6,[13],aromatic,Group3_60-40,60.06,conf_02,-1499.37170879,0.062136,0.04259010,267.512,267.833949
22,32,F-6,[13],aromatic,Group3_60-40,60.06,conf_03,-1499.37168901,0.074548,0.04170715,267.998,267.833949
22,32,F-6,[13],aromatic,Group3_60-40,60.06,conf_04,-1499.37180353,0.002686,0.04708537,267.863,267.833949
22,32,F-6,[13],aromatic,Group3_60-40,60.06,conf_05,-1499.37180781,0.000000,0.04729929,267.870,267.833949
22,32,F-6,[13],aromatic,Group3_60-40,60.06,conf_06,-1499.37171115,0.060655,0.04269669,268.005,267.833949
22,32,F-6,[13],aromatic,Group3_60-40,60.06,conf_07,-1499.37171113,0.060668,0.04269579,267.896,267.833949
22,32,F-6,[13],aromatic,Group3_60-40,60.06,conf_08,-1499.37170958,0.061640,0.04262575,267.979,267.833949
22,32,F-6,[13],aromatic,Group3_60-40,60.06,conf_09,-1499.37094366,0.542262,0.01893973,268.464,267.833949
22,32,F-6,[13],aromatic,Group3_60-40,60.06,conf_10,-1499.37092779,0.552220,0.01862405,268.351,267.833949
22,32,F-6,[13],aromatic,Group3_60-40,60.06,conf_11,-1499.37170730,0.063071,0.04252294,267.972,267.833949
22,32,F-6,[13],aromatic,Group3_60-40,60.06,conf_12,-1499.37171535,0.058019,0.04288704,267.987,267.833949
22,32,F-6,[13],aromatic,Group3_60-40,60.06,conf_13,-1499.37171276,0.059645,0.04276956,267.978,267.833949
22,32,F-6,[13],aromatic,Group3_60-40,60.06,conf_14,-1499.37171631,0.057417,0.04293067,267.978,267.833949
22,32,F-6,[13],aromatic,Group3_60-40,60.06,conf_15,-1499.37178285,0.015663,0.04606530,267.861,267.833949
22,32,F-6,[13],aromatic,Group3_60-40,60.06,conf_16,-1499.37176455,0.027146,0.04518106,267.857,267.833949
22,32,F-6,[13],aromatic,Group3_60-40,60.06,conf_17,-1499.37103479,0.485077,0.02085887,267.730,267.833949
22,32,F-6,[13],aromatic,Group3_60-40,60.06,conf_18,-1499.37168843,0.074912,0.04168154,267.884,267.833949
22,32,F-6,[13],aromatic,Group3_60-40,60.06,conf_19,-1499.37095503,0.535127,0.01916919,267.746,267.833949
22,32,F-6,[13],aromatic,Group3_60-40,60.06,conf_20,-1499.37103010,0.488020,0.02075551,267.617,267.833949
22,32,F-6,[13],aromatic,Group3_60-40,60.06,conf_21,-1499.37143305,0.235165,0.03180367,267.454,267.833949
22,32,F-6,[13],aromatic,Group3_60-40,60.06,conf_22,-1499.37171932,0.055528,0.04306775,267.873,267.833949
22,32,F-6,[13],aromatic,Group3_60-40,60.06,conf_23,-1499.37175231,0.034827,0.04459914,267.874,267.833949
22,32,F-6,[13],aromatic,Group3_60-40,60.06,conf_24,-1499.37146355,0.216026,0.03284780,267.423,267.833949
22,32,F-6,[13],aromatic,Group3_60-40,60.06,conf_25,-1499.37144658,0.226675,0.03226270,267.360,267.833949
22,32,F-6,[13],aromatic,Group3_60-40,60.06,conf_27,-1499.37149054,0.199090,0.03380032,267.782,267.833949
22,32,F-6,[13],aromatic,Group3_60-40,60.06,conf_28,-1499.37135688,0.282963,0.02933875,267.852,267.833949
22,32,F-6,[13],aromatic,Group4_40-60,50.94,conf_01,-1499.37169020,0.052115,0.04328929,267.434,267.812999
22,32,F-6,[13],aromatic,Group4_40-60,50.94,conf_02,-1499.37167550,0.061339,0.04262054,267.487,267.812999
22,32,F-6,[13],aromatic,Group4_40-60,50.94,conf_03,-1499.37165547,0.073908,0.04172590,267.979,267.812999
22,32,F-6,[13],aromatic,Group4_40-60,50.94,conf_04,-1499.37176925,0.002510,0.04706964,267.844,267.812999
22,32,F-6,[13],aromatic,Group4_40-60,50.94,conf_05,-1499.37177325,0.000000,0.04726947,267.850,267.812999
22,32,F-6,[13],aromatic,Group4_40-60,50.94,conf_06,-1499.37167752,0.060071,0.04271182,267.985,267.812999
22,32,F-6,[13],aromatic,Group4_40-60,50.94,conf_07,-1499.37167633,0.060818,0.04265802,267.876,267.812999
22,32,F-6,[13],aromatic,Group4_40-60,50.94,conf_08,-1499.37167590,0.061088,0.04263860,267.959,267.812999
22,32,F-6,[13],aromatic,Group4_40-60,50.94,conf_09,-1499.37091123,0.540925,0.01897054,268.442,267.812999
22,32,F-6,[13],aromatic,Group4_40-60,50.94,conf_10,-1499.37089462,0.551348,0.01863973,268.326,267.812999
22,32,F-6,[13],aromatic,Group4_40-60,50.94,conf_11,-1499.37167354,0.062569,0.04253215,267.953,267.812999
22,32,F-6,[13],aromatic,Group4_40-60,50.94,conf_12,-1499.37168189,0.057329,0.04290996,267.967,267.812999
22,32,F-6,[13],aromatic,Group4_40-60,50.94,conf_13,-1499.37167894,0.059180,0.04277610,267.958,267.812999
22,32,F-6,[13],aromatic,Group4_40-60,50.94,conf_14,-1499.37168230,0.057072,0.04292860,267.958,267.812999
22,32,F-6,[13],aromatic,Group4_40-60,50.94,conf_15,-1499.37174884,0.015317,0.04606307,267.842,267.812999
22,32,F-6,[13],aromatic,Group4_40-60,50.94,conf_16,-1499.37173059,0.026770,0.04518128,267.839,267.812999
22,32,F-6,[13],aromatic,Group4_40-60,50.94,conf_17,-1499.37100003,0.485203,0.02084130,267.709,267.812999
22,32,F-6,[13],aromatic,Group4_40-60,50.94,conf_18,-1499.37165416,0.074730,0.04166805,267.865,267.812999
22,32,F-6,[13],aromatic,Group4_40-60,50.94,conf_19,-1499.37092182,0.534280,0.01918451,267.725,267.812999
22,32,F-6,[13],aromatic,Group4_40-60,50.94,conf_20,-1499.37099585,0.487825,0.02074924,267.597,267.812999
22,32,F-6,[13],aromatic,Group4_40-60,50.94,conf_21,-1499.37139907,0.234801,0.03180315,267.428,267.812999
22,32,F-6,[13],aromatic,Group4_40-60,50.94,conf_22,-1499.37168515,0.055284,0.04305837,267.854,267.812999
22,32,F-6,[13],aromatic,Group4_40-60,50.94,conf_23,-1499.37171604,0.035900,0.04449037,267.855,267.812999
22,32,F-6,[13],aromatic,Group4_40-60,50.94,conf_24,-1499.37142933,0.215813,0.03283891,267.398,267.812999
22,32,F-6,[13],aromatic,Group4_40-60,50.94,conf_25,-1499.37141244,0.226412,0.03225670,267.334,267.812999
22,32,F-6,[13],aromatic,Group4_40-60,50.94,conf_27,-1499.37145611,0.199008,0.03378366,267.761,267.812999
22,32,F-6,[13],aromatic,Group4_40-60,50.94,conf_28,-1499.37132299,0.282542,0.02934106,267.831,267.812999
22,32,F-6,[13],aromatic,Group5_20-80,41.82,conf_01,-1499.37163968,0.052899,0.04319660,267.404,267.783093
22,32,F-6,[13],aromatic,Group5_20-80,41.82,conf_02,-1499.37162779,0.060360,0.04265604,267.451,267.783093
22,32,F-6,[13],aromatic,Group5_20-80,41.82,conf_03,-1499.37160729,0.073224,0.04173988,267.951,267.783093
22,32,F-6,[13],aromatic,Group5_20-80,41.82,conf_04,-1499.37172023,0.002353,0.04704353,267.816,267.783093
22,32,F-6,[13],aromatic,Group5_20-80,41.82,conf_05,-1499.37172398,0.000000,0.04723074,267.822,267.783093
22,32,F-6,[13],aromatic,Group5_20-80,41.82,conf_06,-1499.37162922,0.059463,0.04272069,267.957,267.783093
22,32,F-6,[13],aromatic,Group5_20-80,41.82,conf_07,-1499.37162763,0.060460,0.04264881,267.848,267.783093
22,32,F-6,[13],aromatic,Group5_20-80,41.82,conf_08,-1499.37162758,0.060492,0.04264655,267.931,267.783093
22,32,F-6,[13],aromatic,Group5_20-80,41.82,conf_09,-1499.37086490,0.539080,0.01901411,268.414,267.783093
22,32,F-6,[13],aromatic,Group5_20-80,41.82,conf_10,-1499.37084692,0.550363,0.01865545,268.291,267.783093
22,32,F-6,[13],aromatic,Group5_20-80,41.82,conf_11,-1499.37162523,0.061967,0.04254054,267.924,267.783093
22,32,F-6,[13],aromatic,Group5_20-80,41.82,conf_12,-1499.37163365,0.056683,0.04292160,267.939,267.783093
22,32,F-6,[13],aromatic,Group5_20-80,41.82,conf_13,-1499.37163034,0.058760,0.04277140,267.930,267.783093
22,32,F-6,[13],aromatic,Group5_20-80,41.82,conf_14,-1499.37163358,0.056727,0.04291842,267.930,267.783093
22,32,F-6,[13],aromatic,Group5_20-80,41.82,conf_15,-1499.37170006,0.015010,0.04604923,267.814,267.783093
22,32,F-6,[13],aromatic,Group5_20-80,41.82,conf_16,-1499.37168168,0.026544,0.04516148,267.810,267.783093
22,32,F-6,[13],aromatic,Group5_20-80,41.82,conf_17,-1499.37095133,0.484845,0.02083680,267.679,267.783093
22,32,F-6,[13],aromatic,Group5_20-80,41.82,conf_18,-1499.37160463,0.074893,0.04162245,267.839,267.783093
22,32,F-6,[13],aromatic,Group5_20-80,41.82,conf_19,-1499.37087365,0.533590,0.01919114,267.696,267.783093
22,32,F-6,[13],aromatic,Group5_20-80,41.82,conf_20,-1499.37094709,0.487505,0.02074344,267.567,267.783093
22,32,F-6,[13],aromatic,Group5_20-80,41.82,conf_21,-1499.37135032,0.234475,0.03179460,267.391,267.783093
22,32,F-6,[13],aromatic,Group5_20-80,41.82,conf_22,-1499.37164017,0.052592,0.04321902,267.827,267.783093
22,32,F-6,[13],aromatic,Group5_20-80,41.82,conf_23,-1499.37166849,0.034820,0.04453497,267.817,267.783093
22,32,F-6,[13],aromatic,Group5_20-80,41.82,conf_24,-1499.37138022,0.215712,0.03281757,267.360,267.783093
22,32,F-6,[13],aromatic,Group5_20-80,41.82,conf_25,-1499.37136331,0.226324,0.03223505,267.298,267.783093
22,32,F-6,[13],aromatic,Group5_20-80,41.82,conf_27,-1499.37140673,0.199077,0.03375205,267.733,267.783093
22,32,F-6,[13],aromatic,Group5_20-80,41.82,conf_28,-1499.37127439,0.282122,0.02933783,267.801,267.783093
22,32,F-6,[13],aromatic,Group6_100Org,32.7,conf_01,-1499.37156418,0.051876,0.04320478,267.351,267.737567
22,32,F-6,[13],aromatic,Group6_100Org,32.7,conf_02,-1499.37155393,0.058308,0.04273829,267.399,267.737567
22,32,F-6,[13],aromatic,Group6_100Org,32.7,conf_03,-1499.37153298,0.071454,0.04180044,267.907,267.737567
22,32,F-6,[13],aromatic,Group6_100Org,32.7,conf_04,-1499.37164398,0.001801,0.04701509,267.773,267.737567
22,32,F-6,[13],aromatic,Group6_100Org,32.7,conf_05,-1499.37164685,0.000000,0.04715821,267.780,267.737567
22,32,F-6,[13],aromatic,Group6_100Org,32.7,conf_06,-1499.37155418,0.058151,0.04274961,267.913,267.737567
22,32,F-6,[13],aromatic,Group6_100Org,32.7,conf_07,-1499.37155116,0.060046,0.04261309,267.805,267.737567
22,32,F-6,[13],aromatic,Group6_100Org,32.7,conf_08,-1499.37155257,0.059162,0.04267678,267.888,267.737567
22,32,F-6,[13],aromatic,Group6_100Org,32.7,conf_09,-1499.37079599,0.533922,0.01915091,268.368,267.737567
22,32,F-6,[13],aromatic,Group6_100Org,32.7,conf_10,-1499.37077279,0.548481,0.01868608,268.235,267.737567
22,32,F-6,[13],aromatic,Group6_100Org,32.7,conf_11,-1499.37154989,0.060843,0.04255581,267.881,267.737567
22,32,F-6,[13],aromatic,Group6_100Org,32.7,conf_12,-1499.37155882,0.055240,0.04296021,267.895,267.737567
22,32,F-6,[13],aromatic,Group6_100Org,32.7,conf_13,-1499.37155484,0.057737,0.04277950,267.886,267.737567
22,32,F-6,[13],aromatic,Group6_100Org,32.7,conf_14,-1499.37155784,0.055855,0.04291565,267.887,267.737567
22,32,F-6,[13],aromatic,Group6_100Org,32.7,conf_15,-1499.37161886,0.017564,0.04578075,267.781,267.737567
22,32,F-6,[13],aromatic,Group6_100Org,32.7,conf_16,-1499.37160609,0.025577,0.04516573,267.767,267.737567
22,32,F-6,[13],aromatic,Group6_100Org,32.7,conf_17,-1499.37087431,0.484776,0.02080723,267.632,267.737567
22,32,F-6,[13],aromatic,Group6_100Org,32.7,conf_18,-1499.37153115,0.072603,0.04171950,267.791,267.737567
22,32,F-6,[13],aromatic,Group6_100Org,32.7,conf_19,-1499.37079885,0.532128,0.01920901,267.649,267.737567
22,32,F-6,[13],aromatic,Group6_100Org,32.7,conf_20,-1499.37086640,0.489739,0.02063364,267.520,267.737567
22,32,F-6,[13],aromatic,Group6_100Org,32.7,conf_21,-1499.37127456,0.233615,0.03179187,267.333,267.737567
22,32,F-6,[13],aromatic,Group6_100Org,32.7,conf_22,-1499.37156591,0.050791,0.04328402,267.782,267.737567
22,32,F-6,[13],aromatic,Group6_100Org,32.7,conf_23,-1499.37159258,0.034055,0.04452408,267.780,267.737567
22,32,F-6,[13],aromatic,Group6_100Org,32.7,conf_24,-1499.37130390,0.215204,0.03279529,267.303,267.737567
22,32,F-6,[13],aromatic,Group6_100Org,32.7,conf_25,-1499.37128742,0.225546,0.03222785,267.240,267.737567
22,32,F-6,[13],aromatic,Group6_100Org,32.7,conf_27,-1499.37132998,0.198839,0.03371378,267.687,267.737567
22,32,F-6,[13],aromatic,Group6_100Org,32.7,conf_28,-1499.37119887,0.281111,0.02934277,267.755,267.737567
23,33,F,[7],aromatic,Group1_100Aq,78.3,conf_01,-840.19640506,0.000000,0.40436644,325.622,325.643761
23,33,F,[7],aromatic,Group1_100Aq,78.3,conf_02,-840.19610298,0.189558,0.29364875,325.656,325.643761
23,33,F,[7],aromatic,Group1_100Aq,78.3,conf_03,-840.19612941,0.172973,0.30198481,325.661,325.643761
23,33,F,[7],aromatic,Group2_80-20,69.18,conf_01,-840.19638570,0.000000,0.40438814,325.615,325.641828
23,33,F,[7],aromatic,Group2_80-20,69.18,conf_02,-840.19608354,0.189608,0.29363963,325.657,325.641828
23,33,F,[7],aromatic,Group2_80-20,69.18,conf_03,-840.19610996,0.173029,0.30197223,325.663,325.641828
23,33,F,[7],aromatic,Group3_60-40,60.06,conf_01,-840.19636055,0.000000,0.40443150,325.617,325.643524
23,33,F,[7],aromatic,Group3_60-40,60.06,conf_02,-840.19605822,0.189715,0.29361825,325.659,325.643524
23,33,F,[7],aromatic,Group3_60-40,60.06,conf_03,-840.19608464,0.173136,0.30195024,325.664,325.643524
23,33,F,[7],aromatic,Group4_40-60,50.94,conf_01,-840.19632629,0.000000,0.40445705,325.619,325.645824
23,33,F,[7],aromatic,Group4_40-60,50.94,conf_02,-840.19602387,0.189771,0.29360881,325.661,325.645824
23,33,F,[7],aromatic,Group4_40-60,50.94,conf_03,-840.19605027,0.173205,0.30193414,325.667,325.645824
23,33,F,[7],aromatic,Group5_20-80,41.82,conf_01,-840.19627734,0.000000,0.40453362,325.622,325.649416
23,33,F,[7],aromatic,Group5_20-80,41.82,conf_02,-840.19597463,0.189953,0.29357421,325.665,325.649416
23,33,F,[7],aromatic,Group5_20-80,41.82,conf_03,-840.19600101,0.173400,0.30189217,325.671,325.649416
23,33,F,[7],aromatic,Group6_100Org,32.7,conf_01,-840.19620119,0.000000,0.40462676,325.626,325.654007
23,33,F,[7],aromatic,Group6_100Org,32.7,conf_02,-840.19589812,0.190179,0.29352987,325.670,325.654007
23,33,F,[7],aromatic,Group6_100Org,32.7,conf_03,-840.19592449,0.173632,0.30184337,325.676,325.654007
24,34,F,[12],aromatic,Group1_100Aq,78.3,conf_01,-1012.59797469,0.164646,0.41994339,287.682,287.805391
24,34,F,[12],aromatic,Group1_100Aq,78.3,conf_02,-1012.59823707,0.000000,0.55446864,288.191,287.805391
24,34,F,[12],aromatic,Group1_100Aq,78.3,conf_03,-1012.59495078,2.062177,0.01707225,282.292,287.805391
24,34,F,[12],aromatic,Group1_100Aq,78.3,conf_04,-1012.59429406,2.474274,0.00851572,279.836,287.805391
24,34,F,[12],aromatic,Group2_80-20,69.18,conf_01,-1012.59794700,0.163228,0.42045255,287.660,287.786625
24,34,F,[12],aromatic,Group2_80-20,69.18,conf_02,-1012.59820712,0.000000,0.55381371,288.176,287.786625
24,34,F,[12],aromatic,Group2_80-20,69.18,conf_03,-1012.59492625,2.058775,0.01715026,282.286,287.786625
24,34,F,[12],aromatic,Group2_80-20,69.18,conf_04,-1012.59427271,2.468878,0.00858348,279.857,287.786625
24,34,F,[12],aromatic,Group3_60-40,60.06,conf_01,-1012.59790617,0.165248,0.41956524,287.639,287.766107
24,34,F,[12],aromatic,Group3_60-40,60.06,conf_02,-1012.59816951,0.000000,0.55453288,288.156,287.766107
24,34,F,[12],aromatic,Group3_60-40,60.06,conf_03,-1012.59489434,2.055199,0.01727651,282.277,287.766107
24,34,F,[12],aromatic,Group3_60-40,60.06,conf_04,-1012.59423847,2.466763,0.00862536,279.877,287.766107
24,34,F,[12],aromatic,Group4_40-60,50.94,conf_01,-1012.59785263,0.165675,0.41928372,287.613,287.738468
24,34,F,[12],aromatic,Group4_40-60,50.94,conf_02,-1012.59811665,0.000000,0.55456005,288.130,287.738468
24,34,F,[12],aromatic,Group4_40-60,50.94,conf_03,-1012.59485106,2.049187,0.01745355,282.266,287.738468
24,34,F,[12],aromatic,Group4_40-60,50.94,conf_04,-1012.59419399,2.461504,0.00870268,279.809,287.738468
24,34,F,[12],aromatic,Group5_20-80,41.82,conf_01,-1012.59777590,0.166296,0.41887775,287.574,287.698384
24,34,F,[12],aromatic,Group5_20-80,41.82,conf_02,-1012.59804091,0.000000,0.55460431,288.092,287.698384
24,34,F,[12],aromatic,Group5_20-80,41.82,conf_03,-1012.59478903,2.040584,0.01771025,282.251,287.698384
24,34,F,[12],aromatic,Group5_20-80,41.82,conf_04,-1012.59412950,2.454445,0.00880770,279.782,287.698384
24,34,F,[12],aromatic,Group6_100Org,32.7,conf_01,-1012.59765618,0.167633,0.41806350,287.513,287.635008
24,34,F,[12],aromatic,Group6_100Org,32.7,conf_02,-1012.59792332,0.000000,0.55477634,288.032,287.635008
24,34,F,[12],aromatic,Group6_100Org,32.7,conf_03,-1012.59469284,2.027155,0.01812185,282.224,287.635008
24,34,F,[12],aromatic,Group6_100Org,32.7,conf_04,-1012.59403602,2.439316,0.00903830,279.760,287.635008
25,35,F,[6],aromatic,Group1_100Aq,78.3,conf_01,-987.81262194,0.000000,0.37604544,223.726,223.695372
25,35,F,[6],aromatic,Group1_100Aq,78.3,conf_02,-987.81241058,0.132630,0.30062260,223.620,223.695372
25,35,F,[6],aromatic,Group1_100Aq,78.3,conf_03,-987.81240669,0.135071,0.29938660,223.646,223.695372
25,35,F,[6],aromatic,Group1_100Aq,78.3,conf_04,-987.80910483,2.207018,0.00906744,224.624,223.695372
25,35,F,[6],aromatic,Group1_100Aq,78.3,conf_05,-987.80894875,2.304960,0.00768587,224.864,223.695372
25,35,F,[6],aromatic,Group1_100Aq,78.3,conf_06,-987.80888605,2.344305,0.00719205,224.880,223.695372
25,35,F,[6],aromatic,Group2_80-20,69.18,conf_01,-987.81257951,0.000000,0.37612017,223.708,223.677868
25,35,F,[6],aromatic,Group2_80-20,69.18,conf_02,-987.81236788,0.132800,0.30059637,223.603,223.677868
25,35,F,[6],aromatic,Group2_80-20,69.18,conf_03,-987.81236398,0.135247,0.29935730,223.629,223.677868
25,35,F,[6],aromatic,Group2_80-20,69.18,conf_04,-987.80906138,2.207658,0.00905945,224.602,223.677868
25,35,F,[6],aromatic,Group2_80-20,69.18,conf_05,-987.80890531,2.305594,0.00767918,224.842,223.677868
25,35,F,[6],aromatic,Group2_80-20,69.18,conf_06,-987.80884284,2.344794,0.00718754,224.859,223.677868
25,35,F,[6],aromatic,Group3_60-40,60.06,conf_01,-987.81252533,0.000000,0.37650477,223.687,223.656114
25,35,F,[6],aromatic,Group3_60-40,60.06,conf_02,-987.81231213,0.133785,0.30040381,223.581,223.656114
25,35,F,[6],aromatic,Group3_60-40,60.06,conf_03,-987.81230834,0.136163,0.29920040,223.607,223.656114
25,35,F,[6],aromatic,Group3_60-40,60.06,conf_04,-987.80900481,2.209158,0.00904578,224.575,223.656114
25,35,F,[6],aromatic,Group3_60-40,60.06,conf_05,-987.80884864,2.307156,0.00766678,224.815,223.656114
25,35,F,[6],aromatic,Group3_60-40,60.06,conf_06,-987.80878650,2.346149,0.00717845,224.831,223.656114
25,35,F,[6],aromatic,Group4_40-60,50.94,conf_01,-987.81245076,0.000000,0.37673683,223.656,223.624925
25,35,F,[6],aromatic,Group4_40-60,50.94,conf_02,-987.81223664,0.134362,0.30029622,223.550,223.624925
25,35,F,[6],aromatic,Group4_40-60,50.94,conf_03,-987.81223292,0.136697,0.29911541,223.576,223.624925
25,35,F,[6],aromatic,Group4_40-60,50.94,conf_04,-987.80892782,2.210677,0.00902819,224.537,223.624925
25,35,F,[6],aromatic,Group4_40-60,50.94,conf_05,-987.80877194,2.308493,0.00765422,224.777,223.624925
25,35,F,[6],aromatic,Group4_40-60,50.94,conf_06,-987.80871012,2.347285,0.00716912,224.793,223.624925
25,35,F,[6],aromatic,Group5_20-80,41.82,conf_01,-987.81234456,0.000000,0.37724951,223.613,223.581637
25,35,F,[6],aromatic,Group5_20-80,41.82,conf_02,-987.81212834,0.135680,0.30003681,223.507,223.581637
25,35,F,[6],aromatic,Group5_20-80,41.82,conf_03,-987.81212482,0.137889,0.29892033,223.533,223.581637
25,35,F,[6],aromatic,Group5_20-80,41.82,conf_04,-987.80881793,2.212992,0.00900521,224.482,223.581637
25,35,F,[6],aromatic,Group5_20-80,41.82,conf_05,-987.80866194,2.310877,0.00763385,224.723,223.581637
25,35,F,[6],aromatic,Group5_20-80,41.82,conf_06,-987.80860068,2.349318,0.00715428,224.739,223.581637
25,35,F,[6],aromatic,Group6_100Org,32.7,conf_01,-987.81217965,0.000000,0.37803332,223.546,223.513622
25,35,F,[6],aromatic,Group6_100Org,32.7,conf_02,-987.81196026,0.137669,0.29965246,223.439,223.513622
25,35,F,[6],aromatic,Group6_100Org,32.7,conf_03,-987.81195696,0.139740,0.29860698,223.465,223.513622
25,35,F,[6],aromatic,Group6_100Org,32.7,conf_04,-987.80864740,2.216519,0.00897037,224.398,223.513622
25,35,F,[6],aromatic,Group6_100Org,32.7,conf_05,-987.80849154,2.314322,0.00760536,224.640,223.513622
25,35,F,[6],aromatic,Group6_100Org,32.7,conf_06,-987.80843080,2.352437,0.00713151,224.655,223.513622
26,36,CF3,"[11, 12, 13]",cf3,Group1_100Aq,78.3,conf_01,-1085.17518612,0.042934,0.19897561,234.599,234.616311
26,36,CF3,"[11, 12, 13]",cf3,Group1_100Aq,78.3,conf_02,-1085.17525454,0.000000,0.21392957,234.597,234.616311
26,36,CF3,"[11, 12, 13]",cf3,Group1_100Aq,78.3,conf_03,-1085.17390795,0.844997,0.05139056,234.498,234.616311
26,36,CF3,"[11, 12, 13]",cf3,Group1_100Aq,78.3,conf_04,-1085.17407158,0.742318,0.06111500,234.712,234.616311
26,36,CF3,"[11, 12, 13]",cf3,Group1_100Aq,78.3,conf_05,-1085.17405649,0.751787,0.06014602,234.601,234.616311
26,36,CF3,"[11, 12, 13]",cf3,Group1_100Aq,78.3,conf_06,-1085.17480908,0.279530,0.13346696,234.587,234.616311
26,36,CF3,"[11, 12, 13]",cf3,Group1_100Aq,78.3,conf_07,-1085.17511563,0.087167,0.18466166,234.590,234.616311
26,36,CF3,"[11, 12, 13]",cf3,Group1_100Aq,78.3,conf_08,-1085.17380899,0.907096,0.04627698,234.880,234.616311
26,36,CF3,"[11, 12, 13]",cf3,Group1_100Aq,78.3,conf_09,-1085.17388276,0.860804,0.05003764,234.725,234.616311
26,36,CF3,"[11, 12, 13]",cf3,Group2_80-20,69.18,conf_01,-1085.17515254,0.075113,0.19484066,234.604,234.617912
26,36,CF3,"[11, 12, 13]",cf3,Group2_80-20,69.18,conf_02,-1085.17527224,0.000000,0.22117584,234.600,234.617912
26,36,CF3,"[11, 12, 13]",cf3,Group2_80-20,69.18,conf_03,-1085.17389145,0.866458,0.05124121,234.501,234.617912
26,36,CF3,"[11, 12, 13]",cf3,Group2_80-20,69.18,conf_04,-1085.17404787,0.768303,0.06047383,234.713,234.617912
26,36,CF3,"[11, 12, 13]",cf3,Group2_80-20,69.18,conf_05,-1085.17403449,0.776699,0.05962290,234.603,234.617912
26,36,CF3,"[11, 12, 13]",cf3,Group2_80-20,69.18,conf_06,-1085.17480644,0.292294,0.13504699,234.585,234.617912
26,36,CF3,"[11, 12, 13]",cf3,Group2_80-20,69.18,conf_07,-1085.17509003,0.114338,0.18235893,234.591,234.617912
26,36,CF3,"[11, 12, 13]",cf3,Group2_80-20,69.18,conf_08,-1085.17378570,0.932817,0.04581185,234.881,234.617912
26,36,CF3,"[11, 12, 13]",cf3,Group2_80-20,69.18,conf_09,-1085.17385743,0.887806,0.04942780,234.725,234.617912
26,36,CF3,"[11, 12, 13]",cf3,Group3_60-40,60.06,conf_01,-1085.17514197,0.069051,0.19731956,234.597,234.618248
26,36,CF3,"[11, 12, 13]",cf3,Group3_60-40,60.06,conf_02,-1085.17525201,0.000000,0.22170983,234.607,234.618248
26,36,CF3,"[11, 12, 13]",cf3,Group3_60-40,60.06,conf_03,-1085.17385794,0.874791,0.05064753,234.505,234.618248
26,36,CF3,"[11, 12, 13]",cf3,Group3_60-40,60.06,conf_04,-1085.17401875,0.773882,0.06005174,234.714,234.618248
26,36,CF3,"[11, 12, 13]",cf3,Group3_60-40,60.06,conf_05,-1085.17400581,0.782002,0.05923435,234.604,234.618248
26,36,CF3,"[11, 12, 13]",cf3,Group3_60-40,60.06,conf_06,-1085.17478928,0.290367,0.13581391,234.582,234.618248
26,36,CF3,"[11, 12, 13]",cf3,Group3_60-40,60.06,conf_07,-1085.17505944,0.120839,0.18080442,234.592,234.618248
26,36,CF3,"[11, 12, 13]",cf3,Group3_60-40,60.06,conf_08,-1085.17375505,0.939356,0.04541844,234.881,234.618248
26,36,CF3,"[11, 12, 13]",cf3,Group3_60-40,60.06,conf_09,-1085.17382672,0.894382,0.04900023,234.726,234.618248
26,36,CF3,"[11, 12, 13]",cf3,Group4_40-60,50.94,conf_01,-1085.17510950,0.052259,0.19963000,234.598,234.617743
26,36,CF3,"[11, 12, 13]",cf3,Group4_40-60,50.94,conf_02,-1085.17519278,0.000000,0.21803784,234.601,234.617743
26,36,CF3,"[11, 12, 13]",cf3,Group4_40-60,50.94,conf_03,-1085.17382801,0.856405,0.05137860,234.503,234.617743
26,36,CF3,"[11, 12, 13]",cf3,Group4_40-60,50.94,conf_04,-1085.17398065,0.760622,0.06039370,234.716,234.617743
26,36,CF3,"[11, 12, 13]",cf3,Group4_40-60,50.94,conf_05,-1085.17396694,0.769226,0.05952309,234.605,234.617743
26,36,CF3,"[11, 12, 13]",cf3,Group4_40-60,50.94,conf_06,-1085.17474177,0.283013,0.13523279,234.582,234.617743
26,36,CF3,"[11, 12, 13]",cf3,Group4_40-60,50.94,conf_07,-1085.17501799,0.109682,0.18118998,234.594,234.617743
26,36,CF3,"[11, 12, 13]",cf3,Group4_40-60,50.94,conf_08,-1085.17371368,0.928149,0.04551915,234.882,234.617743
26,36,CF3,"[11, 12, 13]",cf3,Group4_40-60,50.94,conf_09,-1085.17378508,0.883344,0.04909484,234.728,234.617743
26,36,CF3,"[11, 12, 13]",cf3,Group5_20-80,41.82,conf_01,-1085.17508797,0.018863,0.20743156,234.646,234.631182
26,36,CF3,"[11, 12, 13]",cf3,Group5_20-80,41.82,conf_02,-1085.17511803,0.000000,0.21414180,234.605,234.631182
26,36,CF3,"[11, 12, 13]",cf3,Group5_20-80,41.82,conf_03,-1085.17377110,0.845211,0.05142303,234.506,234.631182
26,36,CF3,"[11, 12, 13]",cf3,Group5_20-80,41.82,conf_04,-1085.17392266,0.750105,0.06037683,234.718,234.631182
26,36,CF3,"[11, 12, 13]",cf3,Group5_20-80,41.82,conf_05,-1085.17391122,0.757284,0.05964970,234.607,234.631182
26,36,CF3,"[11, 12, 13]",cf3,Group5_20-80,41.82,conf_06,-1085.17465819,0.288554,0.13158006,234.594,234.631182
26,36,CF3,"[11, 12, 13]",cf3,Group5_20-80,41.82,conf_07,-1085.17495867,0.100000,0.18088437,234.596,234.631182
26,36,CF3,"[11, 12, 13]",cf3,Group5_20-80,41.82,conf_08,-1085.17365434,0.918479,0.04544141,234.884,234.631182
26,36,CF3,"[11, 12, 13]",cf3,Group5_20-80,41.82,conf_09,-1085.17372690,0.872947,0.04907124,234.730,234.631182
26,36,CF3,"[11, 12, 13]",cf3,Group6_100Org,32.7,conf_01,-1085.17495274,0.045093,0.19936017,234.613,234.627576
26,36,CF3,"[11, 12, 13]",cf3,Group6_100Org,32.7,conf_02,-1085.17502460,0.000000,0.21512538,234.612,234.627576
26,36,CF3,"[11, 12, 13]",cf3,Group6_100Org,32.7,conf_03,-1085.17369154,0.836507,0.05242369,234.510,234.627576
26,36,CF3,"[11, 12, 13]",cf3,Group6_100Org,32.7,conf_04,-1085.17383613,0.745776,0.06109902,234.721,234.627576
26,36,CF3,"[11, 12, 13]",cf3,Group6_100Org,32.7,conf_05,-1085.17382465,0.752979,0.06036064,234.611,234.627576
26,36,CF3,"[11, 12, 13]",cf3,Group6_100Org,32.7,conf_06,-1085.17458183,0.277842,0.13459592,234.596,234.627576
26,36,CF3,"[11, 12, 13]",cf3,Group6_100Org,32.7,conf_07,-1085.17486659,0.099153,0.18197520,234.600,234.627576
26,36,CF3,"[11, 12, 13]",cf3,Group6_100Org,32.7,conf_08,-1085.17356217,0.917688,0.04571109,234.886,234.627576
26,36,CF3,"[11, 12, 13]",cf3,Group6_100Org,32.7,conf_09,-1085.17363447,0.872319,0.04934887,234.733,234.627576
27c,37,CF3,"[7, 8, 9]",cf3,Group1_100Aq,78.3,conf_01,-967.54577884,0.000000,0.22240370,245.314,245.184608
27c,37,CF3,"[7, 8, 9]",cf3,Group1_100Aq,78.3,conf_02,-967.54563376,0.091039,0.19072602,245.339,245.184608
27c,37,CF3,"[7, 8, 9]",cf3,Group1_100Aq,78.3,conf_03,-967.54541238,0.229957,0.15086287,245.325,245.184608
27c,37,CF3,"[7, 8, 9]",cf3,Group1_100Aq,78.3,conf_04,-967.54534421,0.272734,0.14035452,245.360,245.184608
27c,37,CF3,"[7, 8, 9]",cf3,Group1_100Aq,78.3,conf_05,-967.54389150,1.184323,0.03013195,244.543,245.184608
27c,37,CF3,"[7, 8, 9]",cf3,Group1_100Aq,78.3,conf_06,-967.54386051,1.203769,0.02915902,244.360,245.184608
27c,37,CF3,"[7, 8, 9]",cf3,Group1_100Aq,78.3,conf_07,-967.54394807,1.148825,0.03199246,244.317,245.184608
27c,37,CF3,"[7, 8, 9]",cf3,Group1_100Aq,78.3,conf_08,-967.54389998,1.179002,0.03040379,244.550,245.184608
27c,37,CF3,"[7, 8, 9]",cf3,Group1_100Aq,78.3,conf_09,-967.54395442,1.144840,0.03220834,244.344,245.184608
27c,37,CF3,"[7, 8, 9]",cf3,Group1_100Aq,78.3,conf_10,-967.54535360,0.266842,0.14175732,245.281,245.184608
27c,37,CF3,"[7, 8, 9]",cf3,Group2_80-20,69.18,conf_01,-967.54575733,0.000000,0.22226233,245.313,245.183385
27c,37,CF3,"[7, 8, 9]",cf3,Group2_80-20,69.18,conf_02,-967.54561398,0.089953,0.19095434,245.338,245.183385
27c,37,CF3,"[7, 8, 9]",cf3,Group2_80-20,69.18,conf_03,-967.54539126,0.229712,0.15082926,245.324,245.183385
27c,37,CF3,"[7, 8, 9]",cf3,Group2_80-20,69.18,conf_04,-967.54532328,0.272370,0.14035149,245.359,245.183385
27c,37,CF3,"[7, 8, 9]",cf3,Group2_80-20,69.18,conf_05,-967.54387077,1.183833,0.03013768,244.542,245.183385
27c,37,CF3,"[7, 8, 9]",cf3,Group2_80-20,69.18,conf_06,-967.54383939,1.203525,0.02915252,244.360,245.183385
27c,37,CF3,"[7, 8, 9]",cf3,Group2_80-20,69.18,conf_07,-967.54392729,1.148367,0.03199685,244.316,245.183385
27c,37,CF3,"[7, 8, 9]",cf3,Group2_80-20,69.18,conf_08,-967.54388025,1.177885,0.03044180,244.544,245.183385
27c,37,CF3,"[7, 8, 9]",cf3,Group2_80-20,69.18,conf_09,-967.54393218,1.145298,0.03216299,244.332,245.183385
27c,37,CF3,"[7, 8, 9]",cf3,Group2_80-20,69.18,conf_10,-967.54533238,0.266660,0.14171073,245.280,245.183385
27c,37,CF3,"[7, 8, 9]",cf3,Group3_60-40,60.06,conf_01,-967.54572931,0.000000,0.22202837,245.313,245.183539
27c,37,CF3,"[7, 8, 9]",cf3,Group3_60-40,60.06,conf_02,-967.54558748,0.089000,0.19106067,245.338,245.183539
27c,37,CF3,"[7, 8, 9]",cf3,Group3_60-40,60.06,conf_03,-967.54536375,0.229392,0.15075190,245.323,245.183539
27c,37,CF3,"[7, 8, 9]",cf3,Group3_60-40,60.06,conf_04,-967.54529598,0.271918,0.14031071,245.358,245.183539
27c,37,CF3,"[7, 8, 9]",cf3,Group3_60-40,60.06,conf_05,-967.54384376,1.183200,0.03013818,244.542,245.183539
27c,37,CF3,"[7, 8, 9]",cf3,Group3_60-40,60.06,conf_06,-967.54381191,1.203186,0.02913849,244.359,245.183539
27c,37,CF3,"[7, 8, 9]",cf3,Group3_60-40,60.06,conf_07,-967.54390917,1.142154,0.03230007,244.339,245.183539
27c,37,CF3,"[7, 8, 9]",cf3,Group3_60-40,60.06,conf_08,-967.54385240,1.177778,0.03041523,244.541,245.183539
27c,37,CF3,"[7, 8, 9]",cf3,Group3_60-40,60.06,conf_09,-967.54390625,1.143987,0.03220033,244.344,245.183539
27c,37,CF3,"[7, 8, 9]",cf3,Group3_60-40,60.06,conf_10,-967.54530499,0.266265,0.14165605,245.278,245.183539
27c,37,CF3,"[7, 8, 9]",cf3,Group4_40-60,50.94,conf_01,-967.54569132,0.000000,0.22183514,245.312,245.180009
27c,37,CF3,"[7, 8, 9]",cf3,Group4_40-60,50.94,conf_02,-967.54555140,0.087801,0.19128095,245.328,245.180009
27c,37,CF3,"[7, 8, 9]",cf3,Group4_40-60,50.94,conf_03,-967.54532644,0.228965,0.15072922,245.321,245.180009
27c,37,CF3,"[7, 8, 9]",cf3,Group4_40-60,50.94,conf_04,-967.54525891,0.271341,0.14032526,245.356,245.180009
27c,37,CF3,"[7, 8, 9]",cf3,Group4_40-60,50.94,conf_05,-967.54380713,1.182346,0.03015536,244.540,245.180009
27c,37,CF3,"[7, 8, 9]",cf3,Group4_40-60,50.94,conf_06,-967.54377463,1.202740,0.02913503,244.357,245.180009
27c,37,CF3,"[7, 8, 9]",cf3,Group4_40-60,50.94,conf_07,-967.54387247,1.141345,0.03231608,244.338,245.180009
27c,37,CF3,"[7, 8, 9]",cf3,Group4_40-60,50.94,conf_08,-967.54381495,1.177439,0.03040615,244.539,245.180009
27c,37,CF3,"[7, 8, 9]",cf3,Group4_40-60,50.94,conf_09,-967.54386793,1.144194,0.03216107,244.331,245.180009
27c,37,CF3,"[7, 8, 9]",cf3,Group4_40-60,50.94,conf_10,-967.54526782,0.265750,0.14165574,245.277,245.180009
27c,37,CF3,"[7, 8, 9]",cf3,Group5_20-80,41.82,conf_01,-967.54563967,0.000000,0.22202023,245.318,245.180087
27c,37,CF3,"[7, 8, 9]",cf3,Group5_20-80,41.82,conf_02,-967.54550010,0.087581,0.19151152,245.326,245.180087
27c,37,CF3,"[7, 8, 9]",cf3,Group5_20-80,41.82,conf_03,-967.54527280,0.230214,0.15053737,245.319,245.180087
27c,37,CF3,"[7, 8, 9]",cf3,Group5_20-80,41.82,conf_04,-967.54520582,0.272245,0.14022831,245.353,245.180087
27c,37,CF3,"[7, 8, 9]",cf3,Group5_20-80,41.82,conf_05,-967.54375460,1.182898,0.03015240,244.538,245.180087
27c,37,CF3,"[7, 8, 9]",cf3,Group5_20-80,41.82,conf_06,-967.54372119,1.203863,0.02910411,244.356,245.180087
27c,37,CF3,"[7, 8, 9]",cf3,Group5_20-80,41.82,conf_07,-967.54381985,1.141953,0.03230984,244.336,245.180087
27c,37,CF3,"[7, 8, 9]",cf3,Group5_20-80,41.82,conf_08,-967.54376274,1.177790,0.03041347,244.537,245.180087
27c,37,CF3,"[7, 8, 9]",cf3,Group5_20-80,41.82,conf_09,-967.54381644,1.144093,0.03219336,244.343,245.180087
27c,37,CF3,"[7, 8, 9]",cf3,Group5_20-80,41.82,conf_10,-967.54521454,0.266773,0.14152939,245.274,245.180087
27c,37,CF3,"[7, 8, 9]",cf3,Group6_100Org,32.7,conf_01,-967.54555532,0.000000,0.22156701,245.317,245.178189
27c,37,CF3,"[7, 8, 9]",cf3,Group6_100Org,32.7,conf_02,-967.54542076,0.084438,0.19213739,245.326,245.178189
27c,37,CF3,"[7, 8, 9]",cf3,Group6_100Org,32.7,conf_03,-967.54518999,0.229248,0.15047530,245.314,245.178189
27c,37,CF3,"[7, 8, 9]",cf3,Group6_100Org,32.7,conf_04,-967.54512317,0.271178,0.14019425,245.348,245.178189
27c,37,CF3,"[7, 8, 9]",cf3,Group6_100Org,32.7,conf_05,-967.54367292,1.181223,0.03017606,244.535,245.178189
27c,37,CF3,"[7, 8, 9]",cf3,Group6_100Org,32.7,conf_06,-967.54363822,1.202998,0.02908719,244.355,245.178189
27c,37,CF3,"[7, 8, 9]",cf3,Group6_100Org,32.7,conf_07,-967.54373806,1.140347,0.03233142,244.333,245.178189
27c,37,CF3,"[7, 8, 9]",cf3,Group6_100Org,32.7,conf_08,-967.54368025,1.176623,0.03041124,244.551,245.178189
27c,37,CF3,"[7, 8, 9]",cf3,Group6_100Org,32.7,conf_09,-967.54373272,1.143698,0.03214908,244.347,245.178189
27c,37,CF3,"[7, 8, 9]",cf3,Group6_100Org,32.7,conf_10,-967.54513173,0.265807,0.14147104,245.270,245.178189
27d,38,CF3,"[8, 9, 10]",cf3,Group1_100Aq,78.3,conf_01,-1043.96630467,0.029499,0.12199079,259.801,259.288441
27d,38,CF3,"[8, 9, 10]",cf3,Group1_100Aq,78.3,conf_02,-1043.96517357,0.739275,0.03681781,259.651,259.288441
27d,38,CF3,"[8, 9, 10]",cf3,Group1_100Aq,78.3,conf_03,-1043.96635168,0.000000,0.12821833,259.489,259.288441
27d,38,CF3,"[8, 9, 10]",cf3,Group1_100Aq,78.3,conf_04,-1043.96562276,0.457404,0.05924759,258.951,259.288441
27d,38,CF3,"[8, 9, 10]",cf3,Group1_100Aq,78.3,conf_05,-1043.96508246,0.796447,0.03343108,259.636,259.288441
27d,38,CF3,"[8, 9, 10]",cf3,Group1_100Aq,78.3,conf_06,-1043.96626946,0.051594,0.11752536,259.483,259.288441
27d,38,CF3,"[8, 9, 10]",cf3,Group1_100Aq,78.3,conf_07,-1043.96563702,0.448456,0.06014920,259.068,259.288441
27d,38,CF3,"[8, 9, 10]",cf3,Group1_100Aq,78.3,conf_08,-1043.96552844,0.516591,0.05361504,259.040,259.288441
27d,38,CF3,"[8, 9, 10]",cf3,Group1_100Aq,78.3,conf_09,-1043.96566574,0.430434,0.06200691,259.071,259.288441
27d,38,CF3,"[8, 9, 10]",cf3,Group1_100Aq,78.3,conf_10,-1043.96565912,0.434588,0.06157368,259.044,259.288441
27d,38,CF3,"[8, 9, 10]",cf3,Group1_100Aq,78.3,conf_11,-1043.96568040,0.421234,0.06297718,259.091,259.288441
27d,38,CF3,"[8, 9, 10]",cf3,Group1_100Aq,78.3,conf_12,-1043.96573021,0.389978,0.06638871,259.035,259.288441
27d,38,CF3,"[8, 9, 10]",cf3,Group1_100Aq,78.3,conf_13,-1043.96575301,0.375671,0.06801136,259.065,259.288441
27d,38,CF3,"[8, 9, 10]",cf3,Group1_100Aq,78.3,conf_14,-1043.96574573,0.380239,0.06748899,259.085,259.288441
27d,38,CF3,"[8, 9, 10]",cf3,Group1_100Aq,78.3,conf_15,-1043.96121797,3.221449,0.00055797,254.358,259.288441
27d,38,CF3,"[8, 9, 10]",cf3,Group2_80-20,69.18,conf_01,-1043.96628014,0.029236,0.12218305,259.801,259.288510
27d,38,CF3,"[8, 9, 10]",cf3,Group2_80-20,69.18,conf_02,-1043.96514971,0.738591,0.03690202,259.651,259.288510
27d,38,CF3,"[8, 9, 10]",cf3,Group2_80-20,69.18,conf_03,-1043.96632673,0.000000,0.12836329,259.488,259.288510
27d,38,CF3,"[8, 9, 10]",cf3,Group2_80-20,69.18,conf_04,-1043.96559556,0.458816,0.05917340,258.950,259.288510
27d,38,CF3,"[8, 9, 10]",cf3,Group2_80-20,69.18,conf_05,-1043.96505875,0.795669,0.03351286,259.635,259.288510
27d,38,CF3,"[8, 9, 10]",cf3,Group2_80-20,69.18,conf_06,-1043.96624532,0.051086,0.11775922,259.482,259.288510
27d,38,CF3,"[8, 9, 10]",cf3,Group2_80-20,69.18,conf_07,-1043.96560990,0.449817,0.06007897,259.068,259.288510
27d,38,CF3,"[8, 9, 10]",cf3,Group2_80-20,69.18,conf_08,-1043.96550177,0.517670,0.05357796,259.039,259.288510
27d,38,CF3,"[8, 9, 10]",cf3,Group2_80-20,69.18,conf_09,-1043.96563884,0.431657,0.06194894,259.071,259.288510
27d,38,CF3,"[8, 9, 10]",cf3,Group2_80-20,69.18,conf_10,-1043.96563202,0.435937,0.06150309,259.044,259.288510
27d,38,CF3,"[8, 9, 10]",cf3,Group2_80-20,69.18,conf_11,-1043.96565379,0.422276,0.06293764,259.092,259.288510
27d,38,CF3,"[8, 9, 10]",cf3,Group2_80-20,69.18,conf_12,-1043.96570271,0.391578,0.06628451,259.035,259.288510
27d,38,CF3,"[8, 9, 10]",cf3,Group2_80-20,69.18,conf_13,-1043.96572504,0.377566,0.06787082,259.065,259.288510
27d,38,CF3,"[8, 9, 10]",cf3,Group2_80-20,69.18,conf_14,-1043.96571777,0.382128,0.06735024,259.085,259.288510
27d,38,CF3,"[8, 9, 10]",cf3,Group2_80-20,69.18,conf_15,-1043.96118521,3.226350,0.00055400,254.357,259.288510
27d,38,CF3,"[8, 9, 10]",cf3,Group3_60-40,60.06,conf_01,-1043.96624820,0.029298,0.12242835,259.800,259.288525
27d,38,CF3,"[8, 9, 10]",cf3,Group3_60-40,60.06,conf_02,-1043.96511864,0.738107,0.03701019,259.651,259.288525
27d,38,CF3,"[8, 9, 10]",cf3,Group3_60-40,60.06,conf_03,-1043.96629489,0.000000,0.12863462,259.487,259.288525
27d,38,CF3,"[8, 9, 10]",cf3,Group3_60-40,60.06,conf_04,-1043.96556014,0.461062,0.05907407,258.950,259.288525
27d,38,CF3,"[8, 9, 10]",cf3,Group3_60-40,60.06,conf_05,-1043.96502784,0.795085,0.03361679,259.635,259.288525
27d,38,CF3,"[8, 9, 10]",cf3,Group3_60-40,60.06,conf_06,-1043.96621387,0.050841,0.11805688,259.481,259.288525
27d,38,CF3,"[8, 9, 10]",cf3,Group3_60-40,60.06,conf_07,-1043.96557458,0.452001,0.05998446,259.067,259.288525
27d,38,CF3,"[8, 9, 10]",cf3,Group3_60-40,60.06,conf_08,-1043.96546712,0.519433,0.05353166,259.039,259.288525
27d,38,CF3,"[8, 9, 10]",cf3,Group3_60-40,60.06,conf_09,-1043.96560299,0.434173,0.06181679,259.071,259.288525
27d,38,CF3,"[8, 9, 10]",cf3,Group3_60-40,60.06,conf_10,-1043.96559673,0.438102,0.06140830,259.044,259.288525
27d,38,CF3,"[8, 9, 10]",cf3,Group3_60-40,60.06,conf_11,-1043.96561897,0.424146,0.06287192,259.090,259.288525
27d,38,CF3,"[8, 9, 10]",cf3,Group3_60-40,60.06,conf_12,-1043.96566689,0.394076,0.06614521,259.035,259.288525
27d,38,CF3,"[8, 9, 10]",cf3,Group3_60-40,60.06,conf_13,-1043.96568888,0.380277,0.06770380,259.065,259.288525
27d,38,CF3,"[8, 9, 10]",cf3,Group3_60-40,60.06,conf_14,-1043.96568138,0.384983,0.06716814,259.085,259.288525
27d,38,CF3,"[8, 9, 10]",cf3,Group3_60-40,60.06,conf_15,-1043.96114251,3.233165,0.00054882,254.356,259.288525
27d,38,CF3,"[8, 9, 10]",cf3,Group4_40-60,50.94,conf_01,-1043.96620486,0.029330,0.12280846,259.799,259.288464
27d,38,CF3,"[8, 9, 10]",cf3,Group4_40-60,50.94,conf_02,-1043.96507647,0.737405,0.03717113,259.650,259.288464
27d,38,CF3,"[8, 9, 10]",cf3,Group4_40-60,50.94,conf_03,-1043.96625160,0.000000,0.12904084,259.487,259.288464
27d,38,CF3,"[8, 9, 10]",cf3,Group4_40-60,50.94,conf_04,-1043.96551209,0.464049,0.05896261,258.950,259.288464
27d,38,CF3,"[8, 9, 10]",cf3,Group4_40-60,50.94,conf_05,-1043.96498591,0.794232,0.03377156,259.634,259.288464
27d,38,CF3,"[8, 9, 10]",cf3,Group4_40-60,50.94,conf_06,-1043.96617119,0.050458,0.11850623,259.481,259.288464
27d,38,CF3,"[8, 9, 10]",cf3,Group4_40-60,50.94,conf_07,-1043.96552668,0.454894,0.05988081,259.066,259.288464
27d,38,CF3,"[8, 9, 10]",cf3,Group4_40-60,50.94,conf_08,-1043.96541995,0.521868,0.05348048,259.038,259.288464
27d,38,CF3,"[8, 9, 10]",cf3,Group4_40-60,50.94,conf_09,-1043.96554903,0.440869,0.06131517,259.061,259.288464
27d,38,CF3,"[8, 9, 10]",cf3,Group4_40-60,50.94,conf_10,-1043.96554884,0.440988,0.06130283,259.044,259.288464
27d,38,CF3,"[8, 9, 10]",cf3,Group4_40-60,50.94,conf_11,-1043.96557218,0.426342,0.06283710,259.092,259.288464
27d,38,CF3,"[8, 9, 10]",cf3,Group4_40-60,50.94,conf_12,-1043.96561828,0.397414,0.06598127,259.035,259.288464
27d,38,CF3,"[8, 9, 10]",cf3,Group4_40-60,50.94,conf_13,-1043.96563913,0.384330,0.06745451,259.064,259.288464
27d,38,CF3,"[8, 9, 10]",cf3,Group4_40-60,50.94,conf_14,-1043.96563197,0.388823,0.06694492,259.084,259.288464
27d,38,CF3,"[8, 9, 10]",cf3,Group4_40-60,50.94,conf_15,-1043.96108458,3.242352,0.00054208,254.354,259.288464
27d,38,CF3,"[8, 9, 10]",cf3,Group5_20-80,41.82,conf_01,-1043.96614272,0.029361,0.12328447,259.798,259.288503
27d,38,CF3,"[8, 9, 10]",cf3,Group5_20-80,41.82,conf_02,-1043.96501601,0.736382,0.03738166,259.649,259.288503
27d,38,CF3,"[8, 9, 10]",cf3,Group5_20-80,41.82,conf_03,-1043.96618951,0.000000,0.12954786,259.485,259.288503
27d,38,CF3,"[8, 9, 10]",cf3,Group5_20-80,41.82,conf_04,-1043.96544322,0.468304,0.05877075,258.949,259.288503
27d,38,CF3,"[8, 9, 10]",cf3,Group5_20-80,41.82,conf_05,-1043.96492577,0.793008,0.03397435,259.632,259.288503
27d,38,CF3,"[8, 9, 10]",cf3,Group5_20-80,41.82,conf_06,-1043.96610997,0.049912,0.11908154,259.479,259.288503
27d,38,CF3,"[8, 9, 10]",cf3,Group5_20-80,41.82,conf_07,-1043.96545800,0.459029,0.05969797,259.065,259.288503
27d,38,CF3,"[8, 9, 10]",cf3,Group5_20-80,41.82,conf_08,-1043.96535394,0.524328,0.05346817,259.038,259.288503
27d,38,CF3,"[8, 9, 10]",cf3,Group5_20-80,41.82,conf_09,-1043.96547971,0.445406,0.06108653,259.060,259.288503
27d,38,CF3,"[8, 9, 10]",cf3,Group5_20-80,41.82,conf_10,-1043.96548018,0.445111,0.06111694,259.043,259.288503
27d,38,CF3,"[8, 9, 10]",cf3,Group5_20-80,41.82,conf_11,-1043.96550437,0.429932,0.06270299,259.090,259.288503
27d,38,CF3,"[8, 9, 10]",cf3,Group5_20-80,41.82,conf_12,-1043.96554830,0.402365,0.06568929,259.034,259.288503
27d,38,CF3,"[8, 9, 10]",cf3,Group5_20-80,41.82,conf_13,-1043.96556821,0.389871,0.06708919,259.064,259.288503
27d,38,CF3,"[8, 9, 10]",cf3,Group5_20-80,41.82,conf_14,-1043.96556096,0.394421,0.06657601,259.084,259.288503
27d,38,CF3,"[8, 9, 10]",cf3,Group5_20-80,41.82,conf_15,-1043.96100159,3.255466,0.00053230,254.351,259.288503
27d,38,CF3,"[8, 9, 10]",cf3,Group6_100Org,32.7,conf_01,-1043.96604609,0.029706,0.12401733,259.796,259.289071
27d,38,CF3,"[8, 9, 10]",cf3,Group6_100Org,32.7,conf_02,-1043.96492201,0.735077,0.03770876,259.647,259.289071
27d,38,CF3,"[8, 9, 10]",cf3,Group6_100Org,32.7,conf_03,-1043.96609343,0.000000,0.13039388,259.484,259.289071
27d,38,CF3,"[8, 9, 10]",cf3,Group6_100Org,32.7,conf_04,-1043.96533614,0.475206,0.05846939,258.948,259.289071
27d,38,CF3,"[8, 9, 10]",cf3,Group6_100Org,32.7,conf_05,-1043.96483225,0.791402,0.03428906,259.629,259.289071
27d,38,CF3,"[8, 9, 10]",cf3,Group6_100Org,32.7,conf_06,-1043.96601476,0.049366,0.11996970,259.477,259.289071
27d,38,CF3,"[8, 9, 10]",cf3,Group6_100Org,32.7,conf_07,-1043.96535129,0.465700,0.05941513,259.064,259.289071
27d,38,CF3,"[8, 9, 10]",cf3,Group6_100Org,32.7,conf_08,-1043.96524914,0.529800,0.05332261,259.037,259.289071
27d,38,CF3,"[8, 9, 10]",cf3,Group6_100Org,32.7,conf_09,-1043.96537200,0.452704,0.06073275,259.059,259.289071
27d,38,CF3,"[8, 9, 10]",cf3,Group6_100Org,32.7,conf_10,-1043.96537342,0.451813,0.06082416,259.043,259.289071
27d,38,CF3,"[8, 9, 10]",cf3,Group6_100Org,32.7,conf_11,-1043.96539943,0.435491,0.06252301,259.088,259.289071
27d,38,CF3,"[8, 9, 10]",cf3,Group6_100Org,32.7,conf_12,-1043.96544008,0.409983,0.06527360,259.033,259.289071
27d,38,CF3,"[8, 9, 10]",cf3,Group6_100Org,32.7,conf_13,-1043.96545798,0.398751,0.06652287,259.063,259.289071
27d,38,CF3,"[8, 9, 10]",cf3,Group6_100Org,32.7,conf_14,-1043.96545082,0.403244,0.06602032,259.084,259.289071
27d,38,CF3,"[8, 9, 10]",cf3,Group6_100Org,32.7,conf_15,-1043.96087260,3.276118,0.00051742,254.347,259.289071