Molecule,Group,Conformer,Atom_Index,F_Isotropic_ppm,F_Anisotropy_ppm
31,Group1_100Aq,conf_01,5,313.319,142.372
31,Group1_100Aq,conf_01,7,267.14,89.006
31,Group1_100Aq,conf_01,10,267.163,88.912
31,Group1_100Aq,conf_01,12,314.588,141.635
31,Group1_100Aq,conf_02,5,314.333,141.879
31,Group1_100Aq,conf_02,7,268.158,88.009
31,Group1_100Aq,conf_02,10,267.0,88.571
31,Group1_100Aq,conf_02,12,312.467,133.108
31,Group1_100Aq,conf_03,5,312.523,133.033
31,Group1_100Aq,conf_03,7,267.053,88.58
31,Group1_100Aq,conf_03,10,268.167,88.069
31,Group1_100Aq,conf_03,12,314.339,141.722
31,Group2_80-20,conf_01,5,313.309,142.379
31,Group2_80-20,conf_01,7,267.122,89.04
31,Group2_80-20,conf_01,10,267.149,88.939
31,Group2_80-20,conf_01,12,314.589,141.621
31,Group2_80-20,conf_02,5,314.304,141.88
31,Group2_80-20,conf_02,7,268.131,88.078
31,Group2_80-20,conf_02,10,266.997,88.614
31,Group2_80-20,conf_02,12,312.458,133.087
31,Group2_80-20,conf_03,5,312.524,133.018
31,Group2_80-20,conf_03,7,267.038,88.608
31,Group2_80-20,conf_03,10,268.149,88.103
31,Group2_80-20,conf_03,12,314.33,141.73
31,Group3_60-40,conf_01,5,313.297,142.39
31,Group3_60-40,conf_01,7,267.098,89.084
31,Group3_60-40,conf_01,10,267.13,88.972
31,Group3_60-40,conf_01,12,314.591,141.603
31,Group3_60-40,conf_02,5,314.293,141.91
31,Group3_60-40,conf_02,7,268.091,88.168
31,Group3_60-40,conf_02,10,267.0,88.674
31,Group3_60-40,conf_02,12,312.434,133.089
31,Group3_60-40,conf_03,5,312.53,132.998
31,Group3_60-40,conf_03,7,267.018,88.643
31,Group3_60-40,conf_03,10,268.126,88.148
31,Group3_60-40,conf_03,12,314.319,141.741
31,Group4_40-60,conf_01,5,313.281,142.404
31,Group4_40-60,conf_01,7,267.066,89.144
31,Group4_40-60,conf_01,10,267.105,89.018
31,Group4_40-60,conf_01,12,314.594,141.581
31,Group4_40-60,conf_02,5,314.268,141.897
31,Group4_40-60,conf_02,7,268.075,88.19
31,Group4_40-60,conf_02,10,266.954,88.702
31,Group4_40-60,conf_02,12,312.467,133.037
31,Group4_40-60,conf_03,5,312.527,132.975
31,Group4_40-60,conf_03,7,266.991,88.691
31,Group4_40-60,conf_03,10,268.092,88.209
31,Group4_40-60,conf_03,12,314.302,141.756
31,Group5_20-80,conf_01,5,313.258,142.424
31,Group5_20-80,conf_01,7,267.02,89.23
31,Group5_20-80,conf_01,10,267.069,89.085
31,Group5_20-80,conf_01,12,314.597,141.547
31,Group5_20-80,conf_02,5,314.252,141.923
31,Group5_20-80,conf_02,7,268.029,88.272
31,Group5_20-80,conf_02,10,266.912,88.769
31,Group5_20-80,conf_02,12,312.468,133.005
31,Group5_20-80,conf_03,5,312.53,132.939
31,Group5_20-80,conf_03,7,266.952,88.762
31,Group5_20-80,conf_03,10,268.046,88.297
31,Group5_20-80,conf_03,12,314.278,141.776
31,Group6_100Org,conf_01,5,313.222,142.455
31,Group6_100Org,conf_01,7,266.948,89.363
31,Group6_100Org,conf_01,10,267.012,89.19
31,Group6_100Org,conf_01,12,314.603,141.492
31,Group6_100Org,conf_02,5,314.218,141.965
31,Group6_100Org,conf_02,7,267.953,88.398
31,Group6_100Org,conf_02,10,266.848,88.869
31,Group6_100Org,conf_02,12,312.461,132.964
31,Group6_100Org,conf_03,5,312.534,132.882
31,Group6_100Org,conf_03,7,266.892,88.87
31,Group6_100Org,conf_03,10,267.973,88.432
31,Group6_100Org,conf_03,12,314.242,141.809
32,Group1_100Aq,conf_01,5,294.762,135.222
32,Group1_100Aq,conf_01,11,320.092,129.354
32,Group1_100Aq,conf_01,13,267.493,83.672
32,Group1_100Aq,conf_02,5,294.71,133.773
32,Group1_100Aq,conf_02,11,320.21,128.777
32,Group1_100Aq,conf_02,13,267.544,83.597
32,Group1_100Aq,conf_03,5,295.22,131.323
32,Group1_100Aq,conf_03,11,320.496,128.452
32,Group1_100Aq,conf_03,13,268.024,83.131
32,Group1_100Aq,conf_04,5,294.694,139.588
32,Group1_100Aq,conf_04,11,320.362,129.071
32,Group1_100Aq,conf_04,13,267.888,83.187
32,Group1_100Aq,conf_05,5,294.73,139.361
32,Group1_100Aq,conf_05,11,320.401,128.988
32,Group1_100Aq,conf_05,13,267.894,83.163
32,Group1_100Aq,conf_06,5,295.231,131.309
32,Group1_100Aq,conf_06,11,320.486,128.427
32,Group1_100Aq,conf_06,13,268.03,83.175
32,Group1_100Aq,conf_07,5,294.717,139.404
32,Group1_100Aq,conf_07,11,320.361,129.04
32,Group1_100Aq,conf_07,13,267.921,83.141
32,Group1_100Aq,conf_08,5,295.213,131.386
32,Group1_100Aq,conf_08,11,320.467,128.494
32,Group1_100Aq,conf_08,13,268.005,83.073
32,Group1_100Aq,conf_09,5,292.48,124.844
32,Group1_100Aq,conf_09,11,321.16,128.704
32,Group1_100Aq,conf_09,13,268.499,82.757
32,Group1_100Aq,conf_10,5,292.31,128.312
32,Group1_100Aq,conf_10,11,321.019,129.077
32,Group1_100Aq,conf_10,13,268.384,82.877
32,Group1_100Aq,conf_11,5,295.204,131.428
32,Group1_100Aq,conf_11,11,320.485,128.503
32,Group1_100Aq,conf_11,13,267.998,83.063
32,Group1_100Aq,conf_12,5,295.119,131.167
32,Group1_100Aq,conf_12,11,320.326,128.742
32,Group1_100Aq,conf_12,13,268.012,83.13
32,Group1_100Aq,conf_13,5,295.192,131.473
32,Group1_100Aq,conf_13,11,320.433,128.564
32,Group1_100Aq,conf_13,13,268.003,83.064
32,Group1_100Aq,conf_14,5,295.179,131.464
32,Group1_100Aq,conf_14,11,320.423,128.612
32,Group1_100Aq,conf_14,13,268.003,83.072
32,Group1_100Aq,conf_15,5,294.674,139.53
32,Group1_100Aq,conf_15,11,320.3,129.091
32,Group1_100Aq,conf_15,13,267.896,83.172
32,Group1_100Aq,conf_16,5,294.664,139.605
32,Group1_100Aq,conf_16,11,320.215,129.196
32,Group1_100Aq,conf_16,13,267.883,83.16
32,Group1_100Aq,conf_17,5,296.215,131.071
32,Group1_100Aq,conf_17,11,318.302,120.16
32,Group1_100Aq,conf_17,13,267.756,82.908
32,Group1_100Aq,conf_18,5,294.742,139.642
32,Group1_100Aq,conf_18,11,320.389,128.924
32,Group1_100Aq,conf_18,13,267.908,83.197
32,Group1_100Aq,conf_19,5,296.19,131.211
32,Group1_100Aq,conf_19,11,318.208,120.153
32,Group1_100Aq,conf_19,13,267.773,82.905
32,Group1_100Aq,conf_20,5,295.655,139.034
32,Group1_100Aq,conf_20,11,318.121,120.457
32,Group1_100Aq,conf_20,13,267.644,82.988
32,Group1_100Aq,conf_21,5,294.753,132.452
32,Group1_100Aq,conf_21,11,320.722,128.044
32,Group1_100Aq,conf_21,13,267.489,83.114
32,Group1_100Aq,conf_22,5,294.69,139.762
32,Group1_100Aq,conf_22,11,320.344,129.108
32,Group1_100Aq,conf_22,13,267.899,83.202
32,Group1_100Aq,conf_23,5,294.783,139.526
32,Group1_100Aq,conf_23,11,320.387,128.936
32,Group1_100Aq,conf_23,13,267.905,83.191
32,Group1_100Aq,conf_24,5,294.744,132.55
32,Group1_100Aq,conf_24,11,320.694,128.072
32,Group1_100Aq,conf_24,13,267.457,83.019
32,Group1_100Aq,conf_25,5,294.566,132.761
32,Group1_100Aq,conf_25,11,320.628,127.969
32,Group1_100Aq,conf_25,13,267.393,83.063
32,Group1_100Aq,conf_27,5,294.85,133.851
32,Group1_100Aq,conf_27,11,320.883,127.62
32,Group1_100Aq,conf_27,13,267.808,82.633
32,Group1_100Aq,conf_28,5,294.889,133.736
32,Group1_100Aq,conf_28,11,320.892,127.769
32,Group1_100Aq,conf_28,13,267.878,82.646
32,Group2_80-20,conf_01,5,294.765,135.215
32,Group2_80-20,conf_01,11,320.082,129.369
32,Group2_80-20,conf_01,13,267.48,83.705
32,Group2_80-20,conf_02,5,294.713,133.768
32,Group2_80-20,conf_02,11,320.2,128.793
32,Group2_80-20,conf_02,13,267.53,83.63
32,Group2_80-20,conf_03,5,295.211,131.343
32,Group2_80-20,conf_03,11,320.496,128.445
32,Group2_80-20,conf_03,13,268.013,83.156
32,Group2_80-20,conf_04,5,294.685,139.599
32,Group2_80-20,conf_04,11,320.363,129.063
32,Group2_80-20,conf_04,13,267.877,83.211
32,Group2_80-20,conf_05,5,294.721,139.373
32,Group2_80-20,conf_05,11,320.402,128.982
32,Group2_80-20,conf_05,13,267.883,83.188
32,Group2_80-20,conf_06,5,295.221,131.328
32,Group2_80-20,conf_06,11,320.486,128.421
32,Group2_80-20,conf_06,13,268.019,83.199
32,Group2_80-20,conf_07,5,294.709,139.415
32,Group2_80-20,conf_07,11,320.364,129.032
32,Group2_80-20,conf_07,13,267.91,83.165
32,Group2_80-20,conf_08,5,295.203,131.403
32,Group2_80-20,conf_08,11,320.468,128.488
32,Group2_80-20,conf_08,13,267.994,83.099
32,Group2_80-20,conf_09,5,292.483,124.839
32,Group2_80-20,conf_09,11,321.149,128.721
32,Group2_80-20,conf_09,13,268.483,82.793
32,Group2_80-20,conf_10,5,292.313,128.305
32,Group2_80-20,conf_10,11,321.009,129.092
32,Group2_80-20,conf_10,13,268.37,82.909
32,Group2_80-20,conf_11,5,295.194,131.447
32,Group2_80-20,conf_11,11,320.485,128.496
32,Group2_80-20,conf_11,13,267.987,83.088
32,Group2_80-20,conf_12,5,295.109,131.186
32,Group2_80-20,conf_12,11,320.326,128.735
32,Group2_80-20,conf_12,13,268.001,83.155
32,Group2_80-20,conf_13,5,295.183,131.492
32,Group2_80-20,conf_13,11,320.434,128.557
32,Group2_80-20,conf_13,13,267.992,83.089
32,Group2_80-20,conf_14,5,295.169,131.483
32,Group2_80-20,conf_14,11,320.423,128.605
32,Group2_80-20,conf_14,13,267.993,83.098
32,Group2_80-20,conf_15,5,294.677,139.533
32,Group2_80-20,conf_15,11,320.285,129.088
32,Group2_80-20,conf_15,13,267.876,83.202
32,Group2_80-20,conf_16,5,294.655,139.614
32,Group2_80-20,conf_16,11,320.215,129.19
32,Group2_80-20,conf_16,13,267.872,83.186
32,Group2_80-20,conf_17,5,296.204,131.09
32,Group2_80-20,conf_17,11,318.302,120.153
32,Group2_80-20,conf_17,13,267.745,82.936
32,Group2_80-20,conf_18,5,294.733,139.653
32,Group2_80-20,conf_18,11,320.388,128.919
32,Group2_80-20,conf_18,13,267.898,83.222
32,Group2_80-20,conf_19,5,296.18,131.229
32,Group2_80-20,conf_19,11,318.208,120.147
32,Group2_80-20,conf_19,13,267.762,82.931
32,Group2_80-20,conf_20,5,295.646,139.045
32,Group2_80-20,conf_20,11,318.121,120.449
32,Group2_80-20,conf_20,13,267.632,83.015
32,Group2_80-20,conf_21,5,294.755,132.446
32,Group2_80-20,conf_21,11,320.711,128.059
32,Group2_80-20,conf_21,13,267.474,83.148
32,Group2_80-20,conf_22,5,294.682,139.772
32,Group2_80-20,conf_22,11,320.345,129.1
32,Group2_80-20,conf_22,13,267.888,83.226
32,Group2_80-20,conf_23,5,294.774,139.542
32,Group2_80-20,conf_23,11,320.388,128.935
32,Group2_80-20,conf_23,13,267.895,83.215
32,Group2_80-20,conf_24,5,294.748,132.545
32,Group2_80-20,conf_24,11,320.683,128.087
32,Group2_80-20,conf_24,13,267.443,83.052
32,Group2_80-20,conf_25,5,294.565,132.754
32,Group2_80-20,conf_25,11,320.616,127.985
32,Group2_80-20,conf_25,13,267.377,83.096
32,Group2_80-20,conf_27,5,294.841,133.864
32,Group2_80-20,conf_27,11,320.884,127.613
32,Group2_80-20,conf_27,13,267.797,82.659
32,Group2_80-20,conf_28,5,294.88,133.751
32,Group2_80-20,conf_28,11,320.892,127.761
32,Group2_80-20,conf_28,13,267.867,82.673
32,Group3_60-40,conf_01,5,294.77,135.206
32,Group3_60-40,conf_01,11,320.069,129.387
32,Group3_60-40,conf_01,13,267.462,83.747
32,Group3_60-40,conf_02,5,294.716,133.763
32,Group3_60-40,conf_02,11,320.185,128.813
32,Group3_60-40,conf_02,13,267.512,83.672
32,Group3_60-40,conf_03,5,295.197,131.366
32,Group3_60-40,conf_03,11,320.497,128.437
32,Group3_60-40,conf_03,13,267.998,83.19
32,Group3_60-40,conf_04,5,294.673,139.612
32,Group3_60-40,conf_04,11,320.365,129.054
32,Group3_60-40,conf_04,13,267.863,83.243
32,Group3_60-40,conf_05,5,294.709,139.39
32,Group3_60-40,conf_05,11,320.402,128.973
32,Group3_60-40,conf_05,13,267.87,83.22
32,Group3_60-40,conf_06,5,295.206,131.353
32,Group3_60-40,conf_06,11,320.483,128.412
32,Group3_60-40,conf_06,13,268.005,83.232
32,Group3_60-40,conf_07,5,294.696,139.43
32,Group3_60-40,conf_07,11,320.364,129.024
32,Group3_60-40,conf_07,13,267.896,83.199
32,Group3_60-40,conf_08,5,295.19,131.427
32,Group3_60-40,conf_08,11,320.469,128.479
32,Group3_60-40,conf_08,13,267.979,83.131
32,Group3_60-40,conf_09,5,292.498,124.826
32,Group3_60-40,conf_09,11,321.136,128.742
32,Group3_60-40,conf_09,13,268.464,82.838
32,Group3_60-40,conf_10,5,292.317,128.296
32,Group3_60-40,conf_10,11,320.995,129.111
32,Group3_60-40,conf_10,13,268.351,82.953
32,Group3_60-40,conf_11,5,295.181,131.47
32,Group3_60-40,conf_11,11,320.486,128.488
32,Group3_60-40,conf_11,13,267.972,83.121
32,Group3_60-40,conf_12,5,295.097,131.211
32,Group3_60-40,conf_12,11,320.327,128.726
32,Group3_60-40,conf_12,13,267.987,83.188
32,Group3_60-40,conf_13,5,295.17,131.514
32,Group3_60-40,conf_13,11,320.434,128.548
32,Group3_60-40,conf_13,13,267.978,83.124
32,Group3_60-40,conf_14,5,295.156,131.507
32,Group3_60-40,conf_14,11,320.424,128.597
32,Group3_60-40,conf_14,13,267.978,83.131
32,Group3_60-40,conf_15,5,294.666,139.547
32,Group3_60-40,conf_15,11,320.287,129.079
32,Group3_60-40,conf_15,13,267.861,83.234
32,Group3_60-40,conf_16,5,294.644,139.629
32,Group3_60-40,conf_16,11,320.219,129.183
32,Group3_60-40,conf_16,13,267.857,83.22
32,Group3_60-40,conf_17,5,296.191,131.114
32,Group3_60-40,conf_17,11,318.302,120.144
32,Group3_60-40,conf_17,13,267.73,82.97
32,Group3_60-40,conf_18,5,294.722,139.666
32,Group3_60-40,conf_18,11,320.39,128.91
32,Group3_60-40,conf_18,13,267.884,83.255
32,Group3_60-40,conf_19,5,296.167,131.251
32,Group3_60-40,conf_19,11,318.208,120.136
32,Group3_60-40,conf_19,13,267.746,82.966
32,Group3_60-40,conf_20,5,295.634,139.061
32,Group3_60-40,conf_20,11,318.122,120.441
32,Group3_60-40,conf_20,13,267.617,83.049
32,Group3_60-40,conf_21,5,294.759,132.438
32,Group3_60-40,conf_21,11,320.696,128.078
32,Group3_60-40,conf_21,13,267.454,83.191
32,Group3_60-40,conf_22,5,294.671,139.785
32,Group3_60-40,conf_22,11,320.348,129.086
32,Group3_60-40,conf_22,13,267.873,83.259
32,Group3_60-40,conf_23,5,294.733,139.529
32,Group3_60-40,conf_23,11,320.376,128.986
32,Group3_60-40,conf_23,13,267.874,83.224
32,Group3_60-40,conf_24,5,294.751,132.536
32,Group3_60-40,conf_24,11,320.668,128.107
32,Group3_60-40,conf_24,13,267.423,83.096
32,Group3_60-40,conf_25,5,294.572,132.746
32,Group3_60-40,conf_25,11,320.602,128.005
32,Group3_60-40,conf_25,13,267.36,83.141
32,Group3_60-40,conf_27,5,294.829,133.883
32,Group3_60-40,conf_27,11,320.884,127.605
32,Group3_60-40,conf_27,13,267.782,82.692
32,Group3_60-40,conf_28,5,294.868,133.77
32,Group3_60-40,conf_28,11,320.892,127.753
32,Group3_60-40,conf_28,13,267.852,82.706
32,Group4_40-60,conf_01,5,294.765,135.198
32,Group4_40-60,conf_01,11,320.042,129.414
32,Group4_40-60,conf_01,13,267.434,83.802
32,Group4_40-60,conf_02,5,294.72,133.755
32,Group4_40-60,conf_02,11,320.166,128.842
32,Group4_40-60,conf_02,13,267.487,83.73
32,Group4_40-60,conf_03,5,295.18,131.4
32,Group4_40-60,conf_03,11,320.498,128.426
32,Group4_40-60,conf_03,13,267.979,83.235
32,Group4_40-60,conf_04,5,294.658,139.629
32,Group4_40-60,conf_04,11,320.368,129.042
32,Group4_40-60,conf_04,13,267.844,83.288
32,Group4_40-60,conf_05,5,294.693,139.408
32,Group4_40-60,conf_05,11,320.405,128.961
32,Group4_40-60,conf_05,13,267.85,83.264
32,Group4_40-60,conf_06,5,295.188,131.388
32,Group4_40-60,conf_06,11,320.484,128.401
32,Group4_40-60,conf_06,13,267.985,83.276
32,Group4_40-60,conf_07,5,294.68,139.449
32,Group4_40-60,conf_07,11,320.368,129.011
32,Group4_40-60,conf_07,13,267.876,83.243
32,Group4_40-60,conf_08,5,295.173,131.46
32,Group4_40-60,conf_08,11,320.469,128.468
32,Group4_40-60,conf_08,13,267.959,83.176
32,Group4_40-60,conf_09,5,292.501,124.803
32,Group4_40-60,conf_09,11,321.116,128.765
32,Group4_40-60,conf_09,13,268.442,82.895
32,Group4_40-60,conf_10,5,292.32,128.281
32,Group4_40-60,conf_10,11,320.975,129.138
32,Group4_40-60,conf_10,13,268.326,83.01
32,Group4_40-60,conf_11,5,295.164,131.503
32,Group4_40-60,conf_11,11,320.487,128.477
32,Group4_40-60,conf_11,13,267.953,83.167
32,Group4_40-60,conf_12,5,295.079,131.245
32,Group4_40-60,conf_12,11,320.329,128.715
32,Group4_40-60,conf_12,13,267.967,83.233
32,Group4_40-60,conf_13,5,295.152,131.547
32,Group4_40-60,conf_13,11,320.435,128.538
32,Group4_40-60,conf_13,13,267.958,83.168
32,Group4_40-60,conf_14,5,295.139,131.539
32,Group4_40-60,conf_14,11,320.425,128.585
32,Group4_40-60,conf_14,13,267.958,83.176
32,Group4_40-60,conf_15,5,294.651,139.567
32,Group4_40-60,conf_15,11,320.289,129.064
32,Group4_40-60,conf_15,13,267.842,83.277
32,Group4_40-60,conf_16,5,294.628,139.648
32,Group4_40-60,conf_16,11,320.219,129.17
32,Group4_40-60,conf_16,13,267.839,83.261
32,Group4_40-60,conf_17,5,296.177,131.152
32,Group4_40-60,conf_17,11,318.292,120.142
32,Group4_40-60,conf_17,13,267.709,83.02
32,Group4_40-60,conf_18,5,294.708,139.685
32,Group4_40-60,conf_18,11,320.394,128.9
32,Group4_40-60,conf_18,13,267.865,83.3
32,Group4_40-60,conf_19,5,296.149,131.287
32,Group4_40-60,conf_19,11,318.208,120.125
32,Group4_40-60,conf_19,13,267.725,83.013
32,Group4_40-60,conf_20,5,295.617,139.082
32,Group4_40-60,conf_20,11,318.122,120.427
32,Group4_40-60,conf_20,13,267.597,83.094
32,Group4_40-60,conf_21,5,294.763,132.428
32,Group4_40-60,conf_21,11,320.676,128.106
32,Group4_40-60,conf_21,13,267.428,83.25
32,Group4_40-60,conf_22,5,294.655,139.803
32,Group4_40-60,conf_22,11,320.35,129.074
32,Group4_40-60,conf_22,13,267.854,83.302
32,Group4_40-60,conf_23,5,294.744,139.592
32,Group4_40-60,conf_23,11,320.394,128.961
32,Group4_40-60,conf_23,13,267.855,83.257
32,Group4_40-60,conf_24,5,294.756,132.524
32,Group4_40-60,conf_24,11,320.649,128.134
32,Group4_40-60,conf_24,13,267.398,83.156
32,Group4_40-60,conf_25,5,294.577,132.734
32,Group4_40-60,conf_25,11,320.582,128.033
32,Group4_40-60,conf_25,13,267.334,83.2
32,Group4_40-60,conf_27,5,294.812,133.907
32,Group4_40-60,conf_27,11,320.885,127.593
32,Group4_40-60,conf_27,13,267.761,82.739
32,Group4_40-60,conf_28,5,294.851,133.795
32,Group4_40-60,conf_28,11,320.892,127.74
32,Group4_40-60,conf_28,13,267.831,82.752
32,Group5_20-80,conf_01,5,294.786,135.178
32,Group5_20-80,conf_01,11,320.028,129.449
32,Group5_20-80,conf_01,13,267.404,83.886
32,Group5_20-80,conf_02,5,294.727,133.744
32,Group5_20-80,conf_02,11,320.138,128.881
32,Group5_20-80,conf_02,13,267.451,83.811
32,Group5_20-80,conf_03,5,295.155,131.448
32,Group5_20-80,conf_03,11,320.499,128.408
32,Group5_20-80,conf_03,13,267.951,83.299
32,Group5_20-80,conf_04,5,294.634,139.656
32,Group5_20-80,conf_04,11,320.37,129.024
32,Group5_20-80,conf_04,13,267.816,83.35
32,Group5_20-80,conf_05,5,294.67,139.435
32,Group5_20-80,conf_05,11,320.408,128.944
32,Group5_20-80,conf_05,13,267.822,83.327
32,Group5_20-80,conf_06,5,295.163,131.435
32,Group5_20-80,conf_06,11,320.486,128.385
32,Group5_20-80,conf_06,13,267.957,83.34
32,Group5_20-80,conf_07,5,294.655,139.477
32,Group5_20-80,conf_07,11,320.369,128.997
32,Group5_20-80,conf_07,13,267.848,83.306
32,Group5_20-80,conf_08,5,295.148,131.507
32,Group5_20-80,conf_08,11,320.471,128.452
32,Group5_20-80,conf_08,13,267.931,83.24
32,Group5_20-80,conf_09,5,292.55,124.779
32,Group5_20-80,conf_09,11,321.095,128.802
32,Group5_20-80,conf_09,13,268.414,82.971
32,Group5_20-80,conf_10,5,292.325,128.262
32,Group5_20-80,conf_10,11,320.947,129.175
32,Group5_20-80,conf_10,13,268.291,83.093
32,Group5_20-80,conf_11,5,295.138,131.55
32,Group5_20-80,conf_11,11,320.487,128.462
32,Group5_20-80,conf_11,13,267.924,83.231
32,Group5_20-80,conf_12,5,295.055,131.294
32,Group5_20-80,conf_12,11,320.331,128.697
32,Group5_20-80,conf_12,13,267.939,83.297
32,Group5_20-80,conf_13,5,295.128,131.593
32,Group5_20-80,conf_13,11,320.437,128.521
32,Group5_20-80,conf_13,13,267.93,83.232
32,Group5_20-80,conf_14,5,295.114,131.585
32,Group5_20-80,conf_14,11,320.427,128.569
32,Group5_20-80,conf_14,13,267.93,83.24
32,Group5_20-80,conf_15,5,294.627,139.594
32,Group5_20-80,conf_15,11,320.293,129.049
32,Group5_20-80,conf_15,13,267.814,83.34
32,Group5_20-80,conf_16,5,294.605,139.675
32,Group5_20-80,conf_16,11,320.221,129.154
32,Group5_20-80,conf_16,13,267.81,83.325
32,Group5_20-80,conf_17,5,296.151,131.201
32,Group5_20-80,conf_17,11,318.292,120.124
32,Group5_20-80,conf_17,13,267.679,83.086
32,Group5_20-80,conf_18,5,294.688,139.712
32,Group5_20-80,conf_18,11,320.399,128.886
32,Group5_20-80,conf_18,13,267.839,83.367
32,Group5_20-80,conf_19,5,296.124,131.333
32,Group5_20-80,conf_19,11,318.208,120.106
32,Group5_20-80,conf_19,13,267.696,83.081
32,Group5_20-80,conf_20,5,295.594,139.112
32,Group5_20-80,conf_20,11,318.124,120.409
32,Group5_20-80,conf_20,13,267.567,83.163
32,Group5_20-80,conf_21,5,294.77,132.413
32,Group5_20-80,conf_21,11,320.648,128.145
32,Group5_20-80,conf_21,13,267.391,83.335
32,Group5_20-80,conf_22,5,294.586,139.826
32,Group5_20-80,conf_22,11,320.302,129.111
32,Group5_20-80,conf_22,13,267.827,83.388
32,Group5_20-80,conf_23,5,294.708,139.604
32,Group5_20-80,conf_23,11,320.39,128.839
32,Group5_20-80,conf_23,13,267.817,83.344
32,Group5_20-80,conf_24,5,294.762,132.508
32,Group5_20-80,conf_24,11,320.62,128.173
32,Group5_20-80,conf_24,13,267.36,83.24
32,Group5_20-80,conf_25,5,294.585,132.718
32,Group5_20-80,conf_25,11,320.554,128.072
32,Group5_20-80,conf_25,13,267.298,83.284
32,Group5_20-80,conf_27,5,294.789,133.942
32,Group5_20-80,conf_27,11,320.885,127.578
32,Group5_20-80,conf_27,13,267.733,82.806
32,Group5_20-80,conf_28,5,294.828,133.831
32,Group5_20-80,conf_28,11,320.893,127.725
32,Group5_20-80,conf_28,13,267.801,82.818
32,Group6_100Org,conf_01,5,294.799,135.155
32,Group6_100Org,conf_01,11,319.99,129.504
32,Group6_100Org,conf_01,13,267.351,84.014
32,Group6_100Org,conf_02,5,294.746,133.726
32,Group6_100Org,conf_02,11,320.096,128.943
32,Group6_100Org,conf_02,13,267.399,83.936
32,Group6_100Org,conf_03,5,295.117,131.521
32,Group6_100Org,conf_03,11,320.5,128.385
32,Group6_100Org,conf_03,13,267.907,83.4
32,Group6_100Org,conf_04,5,294.599,139.698
32,Group6_100Org,conf_04,11,320.375,128.997
32,Group6_100Org,conf_04,13,267.773,83.448
32,Group6_100Org,conf_05,5,294.634,139.483
32,Group6_100Org,conf_05,11,320.41,128.918
32,Group6_100Org,conf_05,13,267.78,83.425
32,Group6_100Org,conf_06,5,295.124,131.508
32,Group6_100Org,conf_06,11,320.488,128.361
32,Group6_100Org,conf_06,13,267.913,83.44
32,Group6_100Org,conf_07,5,294.617,139.518
32,Group6_100Org,conf_07,11,320.374,128.972
32,Group6_100Org,conf_07,13,267.805,83.405
32,Group6_100Org,conf_08,5,295.109,131.579
32,Group6_100Org,conf_08,11,320.472,128.428
32,Group6_100Org,conf_08,13,267.888,83.341
32,Group6_100Org,conf_09,5,292.595,124.74
32,Group6_100Org,conf_09,11,321.059,128.869
32,Group6_100Org,conf_09,13,268.368,83.095
32,Group6_100Org,conf_10,5,292.335,128.233
32,Group6_100Org,conf_10,11,320.903,129.23
32,Group6_100Org,conf_10,13,268.235,83.221
32,Group6_100Org,conf_11,5,295.1,131.621
32,Group6_100Org,conf_11,11,320.489,128.437
32,Group6_100Org,conf_11,13,267.881,83.331
32,Group6_100Org,conf_12,5,295.017,131.369
32,Group6_100Org,conf_12,11,320.334,128.671
32,Group6_100Org,conf_12,13,267.895,83.396
32,Group6_100Org,conf_13,5,295.088,131.665
32,Group6_100Org,conf_13,11,320.438,128.497
32,Group6_100Org,conf_13,13,267.886,83.332
32,Group6_100Org,conf_14,5,295.076,131.658
32,Group6_100Org,conf_14,11,320.429,128.544
32,Group6_100Org,conf_14,13,267.887,83.34
32,Group6_100Org,conf_15,5,294.58,139.646
32,Group6_100Org,conf_15,11,320.313,129.015
32,Group6_100Org,conf_15,13,267.781,83.435
32,Group6_100Org,conf_16,5,294.569,139.718
32,Group6_100Org,conf_16,11,320.225,129.13
32,Group6_100Org,conf_16,13,267.767,83.424
32,Group6_100Org,conf_17,5,296.11,131.273
32,Group6_100Org,conf_17,11,318.288,120.097
32,Group6_100Org,conf_17,13,267.632,83.19
32,Group6_100Org,conf_18,5,294.646,139.758
32,Group6_100Org,conf_18,11,320.405,128.851
32,Group6_100Org,conf_18,13,267.791,83.452
32,Group6_100Org,conf_19,5,296.085,131.407
32,Group6_100Org,conf_19,11,318.208,120.079
32,Group6_100Org,conf_19,13,267.649,83.186
32,Group6_100Org,conf_20,5,295.582,139.256
32,Group6_100Org,conf_20,11,318.136,120.395
32,Group6_100Org,conf_20,13,267.52,83.314
32,Group6_100Org,conf_21,5,294.781,132.39
32,Group6_100Org,conf_21,11,320.603,128.206
32,Group6_100Org,conf_21,13,267.333,83.467
32,Group6_100Org,conf_22,5,294.553,139.83
32,Group6_100Org,conf_22,11,320.339,129.101
32,Group6_100Org,conf_22,13,267.782,83.478
32,Group6_100Org,conf_23,5,294.677,139.648
32,Group6_100Org,conf_23,11,320.375,128.856
32,Group6_100Org,conf_23,13,267.78,83.452
32,Group6_100Org,conf_24,5,294.774,132.485
32,Group6_100Org,conf_24,11,320.576,128.234
32,Group6_100Org,conf_24,13,267.303,83.372
32,Group6_100Org,conf_25,5,294.596,132.692
32,Group6_100Org,conf_25,11,320.51,128.134
32,Group6_100Org,conf_25,13,267.24,83.415
32,Group6_100Org,conf_27,5,294.753,133.996
32,Group6_100Org,conf_27,11,320.886,127.553
32,Group6_100Org,conf_27,13,267.687,82.907
32,Group6_100Org,conf_28,5,294.791,133.887
32,Group6_100Org,conf_28,11,320.893,127.698
32,Group6_100Org,conf_28,13,267.755,82.922
33,Group1_100Aq,conf_01,7,325.622,84.591
33,Group1_100Aq,conf_02,7,325.656,84.418
33,Group1_100Aq,conf_03,7,325.661,84.499
33,Group2_80-20,conf_01,7,325.615,84.566
33,Group2_80-20,conf_02,7,325.657,84.41
33,Group2_80-20,conf_03,7,325.663,84.491
33,Group3_60-40,conf_01,7,325.617,84.557
33,Group3_60-40,conf_02,7,325.659,84.402
33,Group3_60-40,conf_03,7,325.664,84.482
33,Group4_40-60,conf_01,7,325.619,84.546
33,Group4_40-60,conf_02,7,325.661,84.389
33,Group4_40-60,conf_03,7,325.667,84.47
33,Group5_20-80,conf_01,7,325.622,84.532
33,Group5_20-80,conf_02,7,325.665,84.373
33,Group5_20-80,conf_03,7,325.671,84.452
33,Group6_100Org,conf_01,7,325.626,84.508
33,Group6_100Org,conf_02,7,325.67,84.346
33,Group6_100Org,conf_03,7,325.676,84.425
34,Group5_20-80,conf_02,12,288.092,120.634
34,Group1_100Aq,conf_01,12,287.682,121.469
34,Group1_100Aq,conf_02,12,288.191,120.472
34,Group1_100Aq,conf_03,12,282.292,122.283
34,Group1_100Aq,conf_04,12,279.836,115.292
34,Group2_80-20,conf_01,12,287.66,121.496
34,Group2_80-20,conf_02,12,288.176,120.498
34,Group2_80-20,conf_03,12,282.286,122.29
34,Group2_80-20,conf_04,12,279.857,115.269
34,Group3_60-40,conf_01,12,287.639,121.541
34,Group3_60-40,conf_02,12,288.156,120.53
34,Group3_60-40,conf_03,12,282.277,122.298
34,Group3_60-40,conf_04,12,279.877,115.258
34,Group4_40-60,conf_01,12,287.613,121.586
34,Group4_40-60,conf_02,12,288.13,120.572
34,Group4_40-60,conf_03,12,282.266,122.31
34,Group4_40-60,conf_04,12,279.809,115.312
34,Group5_20-80,conf_01,12,287.574,121.651
34,Group5_20-80,conf_03,12,282.251,122.326
34,Group5_20-80,conf_04,12,279.782,115.321
34,Group6_100Org,conf_01,12,287.513,121.753
34,Group6_100Org,conf_02,12,288.032,120.73
34,Group6_100Org,conf_03,12,282.224,122.354
34,Group6_100Org,conf_04,12,279.76,115.355
35,Group1_100Aq,conf_01,6,223.726,162.049
35,Group1_100Aq,conf_02,6,223.62,162.223
35,Group1_100Aq,conf_03,6,223.646,162.225
35,Group1_100Aq,conf_04,6,224.624,163.27
35,Group1_100Aq,conf_05,6,224.864,163.268
35,Group1_100Aq,conf_06,6,224.88,163.21
35,Group2_80-20,conf_01,6,223.708,162.014
35,Group2_80-20,conf_02,6,223.603,162.19
35,Group2_80-20,conf_03,6,223.629,162.191
35,Group2_80-20,conf_04,6,224.602,163.229
35,Group2_80-20,conf_05,6,224.842,163.227
35,Group2_80-20,conf_06,6,224.859,163.167
35,Group3_60-40,conf_01,6,223.687,161.97
35,Group3_60-40,conf_02,6,223.581,162.145
35,Group3_60-40,conf_03,6,223.607,162.146
35,Group3_60-40,conf_04,6,224.575,163.174
35,Group3_60-40,conf_05,6,224.815,163.171
35,Group3_60-40,conf_06,6,224.831,163.113
35,Group4_40-60,conf_01,6,223.656,161.91
35,Group4_40-60,conf_02,6,223.55,162.086
35,Group4_40-60,conf_03,6,223.576,162.087
35,Group4_40-60,conf_04,6,224.537,163.101
35,Group4_40-60,conf_05,6,224.777,163.098
35,Group4_40-60,conf_06,6,224.793,163.042
35,Group5_20-80,conf_01,6,223.613,161.823
35,Group5_20-80,conf_02,6,223.507,162.0
35,Group5_20-80,conf_03,6,223.533,162.002
35,Group5_20-80,conf_04,6,224.482,162.996
35,Group5_20-80,conf_05,6,224.723,162.994
35,Group5_20-80,conf_06,6,224.739,162.937
35,Group6_100Org,conf_01,6,223.546,161.691
35,Group6_100Org,conf_02,6,223.439,161.867
35,Group6_100Org,conf_03,6,223.465,161.868
35,Group6_100Org,conf_04,6,224.398,162.832
35,Group6_100Org,conf_05,6,224.64,162.831
35,Group6_100Org,conf_06,6,224.655,162.777
36,Group1_100Aq,conf_01,11,222.567,159.029
36,Group1_100Aq,conf_01,12,227.626,156.043
36,Group1_100Aq,conf_01,13,253.604,120.467
36,Group1_100Aq,conf_02,11,223.059,158.646
36,Group1_100Aq,conf_02,12,227.073,156.482
36,Group1_100Aq,conf_02,13,253.658,120.332
36,Group1_100Aq,conf_03,11,220.486,160.233
36,Group1_100Aq,conf_03,12,230.134,153.855
36,Group1_100Aq,conf_03,13,252.873,121.977
36,Group1_100Aq,conf_04,11,249.808,127.966
36,Group1_100Aq,conf_04,12,236.206,146.968
36,Group1_100Aq,conf_04,13,218.123,161.388
36,Group1_100Aq,conf_05,11,221.442,159.973
36,Group1_100Aq,conf_05,12,253.127,121.674
36,Group1_100Aq,conf_05,13,229.235,154.031
36,Group1_100Aq,conf_06,11,251.371,124.866
36,Group1_100Aq,conf_06,12,233.348,150.764
36,Group1_100Aq,conf_06,13,219.042,160.755
36,Group1_100Aq,conf_07,11,231.941,152.194
36,Group1_100Aq,conf_07,12,219.727,160.517
36,Group1_100Aq,conf_07,13,252.101,123.475
36,Group1_100Aq,conf_08,11,247.475,131.866
36,Group1_100Aq,conf_08,12,239.773,143.014
36,Group1_100Aq,conf_08,13,217.391,160.849
36,Group1_100Aq,conf_09,11,232.085,151.82
36,Group1_100Aq,conf_09,12,219.889,160.092
36,Group1_100Aq,conf_09,13,252.2,123.242
36,Group2_80-20,conf_01,11,222.354,159.281
36,Group2_80-20,conf_01,12,227.866,155.734
36,Group2_80-20,conf_01,13,253.592,120.505
36,Group2_80-20,conf_02,11,223.531,158.355
36,Group2_80-20,conf_02,12,226.502,156.912
36,Group2_80-20,conf_02,13,253.766,120.119
36,Group2_80-20,conf_03,11,220.57,160.213
36,Group2_80-20,conf_03,12,230.021,153.921
36,Group2_80-20,conf_03,13,252.911,121.88
36,Group2_80-20,conf_04,11,249.808,127.964
36,Group2_80-20,conf_04,12,236.207,146.959
36,Group2_80-20,conf_04,13,218.123,161.372
36,Group2_80-20,conf_05,11,221.443,159.958
36,Group2_80-20,conf_05,12,253.129,121.67
36,Group2_80-20,conf_05,13,229.236,154.02
36,Group2_80-20,conf_06,11,251.63,124.418
36,Group2_80-20,conf_06,12,232.965,151.153
36,Group2_80-20,conf_06,13,219.159,160.761
36,Group2_80-20,conf_07,11,231.944,152.183
36,Group2_80-20,conf_07,12,219.727,160.501
36,Group2_80-20,conf_07,13,252.102,123.472
36,Group2_80-20,conf_08,11,247.476,131.861
36,Group2_80-20,conf_08,12,239.776,143.005
36,Group2_80-20,conf_08,13,217.39,160.836
36,Group2_80-20,conf_09,11,232.091,151.805
36,Group2_80-20,conf_09,12,219.885,160.083
36,Group2_80-20,conf_09,13,252.199,123.241
36,Group3_60-40,conf_01,11,222.614,159.002
36,Group3_60-40,conf_01,12,227.575,156.045
36,Group3_60-40,conf_01,13,253.601,120.431
36,Group3_60-40,conf_02,11,223.673,158.247
36,Group3_60-40,conf_02,12,226.393,156.955
36,Group3_60-40,conf_02,13,253.755,120.106
36,Group3_60-40,conf_03,11,220.44,160.185
36,Group3_60-40,conf_03,12,230.278,153.68
36,Group3_60-40,conf_03,13,252.797,122.122
36,Group3_60-40,conf_04,11,249.809,127.96
36,Group3_60-40,conf_04,12,236.209,146.948
36,Group3_60-40,conf_04,13,218.123,161.35
36,Group3_60-40,conf_05,11,221.443,159.939
36,Group3_60-40,conf_05,12,253.13,121.666
36,Group3_60-40,conf_05,13,229.238,154.005
36,Group3_60-40,conf_06,11,251.677,124.299
36,Group3_60-40,conf_06,12,232.786,151.306
36,Group3_60-40,conf_06,13,219.283,160.657
36,Group3_60-40,conf_07,11,231.946,152.169
36,Group3_60-40,conf_07,12,219.728,160.482
36,Group3_60-40,conf_07,13,252.103,123.47
36,Group3_60-40,conf_08,11,247.477,131.854
36,Group3_60-40,conf_08,12,239.778,142.996
36,Group3_60-40,conf_08,13,217.388,160.821
36,Group3_60-40,conf_09,11,232.094,151.79
36,Group3_60-40,conf_09,12,219.884,160.068
36,Group3_60-40,conf_09,13,252.201,123.235
36,Group4_40-60,conf_01,11,222.699,158.957
36,Group4_40-60,conf_01,12,227.424,156.152
36,Group4_40-60,conf_01,13,253.672,120.315
36,Group4_40-60,conf_02,11,223.343,158.442
36,Group4_40-60,conf_02,12,226.729,156.69
36,Group4_40-60,conf_02,13,253.73,120.189
36,Group4_40-60,conf_03,11,220.658,160.129
36,Group4_40-60,conf_03,12,229.886,154.013
36,Group4_40-60,conf_03,13,252.964,121.769
36,Group4_40-60,conf_04,11,249.811,127.956
36,Group4_40-60,conf_04,12,236.212,146.931
36,Group4_40-60,conf_04,13,218.124,161.322
36,Group4_40-60,conf_05,11,221.444,159.913
36,Group4_40-60,conf_05,12,253.132,121.66
36,Group4_40-60,conf_05,13,229.24,153.987
36,Group4_40-60,conf_06,11,251.541,124.545
36,Group4_40-60,conf_06,12,233.003,151.053
36,Group4_40-60,conf_06,13,219.203,160.653
36,Group4_40-60,conf_07,11,231.95,152.151
36,Group4_40-60,conf_07,12,219.728,160.454
36,Group4_40-60,conf_07,13,252.104,123.468
36,Group4_40-60,conf_08,11,247.478,131.848
36,Group4_40-60,conf_08,12,239.782,142.981
36,Group4_40-60,conf_08,13,217.386,160.798
36,Group4_40-60,conf_09,11,232.098,151.773
36,Group4_40-60,conf_09,12,219.882,160.048
36,Group4_40-60,conf_09,13,252.203,123.227
36,Group5_20-80,conf_01,11,218.205,161.007
36,Group5_20-80,conf_01,12,235.501,148.371
36,Group5_20-80,conf_01,13,250.232,126.963
36,Group5_20-80,conf_02,11,223.158,158.504
36,Group5_20-80,conf_02,12,226.95,156.511
36,Group5_20-80,conf_02,13,253.707,120.248
36,Group5_20-80,conf_03,11,220.68,160.022
36,Group5_20-80,conf_03,12,229.877,154.01
36,Group5_20-80,conf_03,13,252.962,121.797
36,Group5_20-80,conf_04,11,249.813,127.949
36,Group5_20-80,conf_04,12,236.215,146.91
36,Group5_20-80,conf_04,13,218.125,161.279
36,Group5_20-80,conf_05,11,221.445,159.877
36,Group5_20-80,conf_05,12,253.134,121.654
36,Group5_20-80,conf_05,13,229.243,153.959
36,Group5_20-80,conf_06,11,251.373,124.859
36,Group5_20-80,conf_06,12,233.377,150.686
36,Group5_20-80,conf_06,13,219.033,160.663
36,Group5_20-80,conf_07,11,231.955,152.125
36,Group5_20-80,conf_07,12,219.728,160.417
36,Group5_20-80,conf_07,13,252.106,123.462
36,Group5_20-80,conf_08,11,247.48,131.836
36,Group5_20-80,conf_08,12,239.787,142.961
36,Group5_20-80,conf_08,13,217.384,160.766
36,Group5_20-80,conf_09,11,232.101,151.746
36,Group5_20-80,conf_09,12,219.882,160.016
36,Group5_20-80,conf_09,13,252.206,123.218
36,Group6_100Org,conf_01,11,222.35,159.006
36,Group6_100Org,conf_01,12,227.944,155.682
36,Group6_100Org,conf_01,13,253.544,120.569
36,Group6_100Org,conf_02,11,223.095,158.5
36,Group6_100Org,conf_02,12,227.058,156.352
36,Group6_100Org,conf_02,13,253.682,120.29
36,Group6_100Org,conf_03,11,220.854,159.838
36,Group6_100Org,conf_03,12,229.713,154.097
36,Group6_100Org,conf_03,13,252.962,121.726
36,Group6_100Org,conf_04,11,249.816,127.938
36,Group6_100Org,conf_04,12,236.222,146.874
36,Group6_100Org,conf_04,13,218.126,161.215
36,Group6_100Org,conf_05,11,221.447,159.82
36,Group6_100Org,conf_05,12,253.138,121.642
36,Group6_100Org,conf_05,13,229.247,153.917
36,Group6_100Org,conf_06,11,251.497,124.635
36,Group6_100Org,conf_06,12,233.202,150.828
36,Group6_100Org,conf_06,13,219.09,160.625
36,Group6_100Org,conf_07,11,231.963,152.083
36,Group6_100Org,conf_07,12,219.729,160.356
36,Group6_100Org,conf_07,13,252.109,123.455
36,Group6_100Org,conf_08,11,247.483,131.82
36,Group6_100Org,conf_08,12,239.796,142.929
36,Group6_100Org,conf_08,13,217.38,160.716
36,Group6_100Org,conf_09,11,232.109,151.705
36,Group6_100Org,conf_09,12,219.88,159.969
36,Group6_100Org,conf_09,13,252.21,123.203
37,Group1_100Aq,conf_01,7,255.445,136.727
37,Group1_100Aq,conf_01,8,235.606,150.269
37,Group1_100Aq,conf_01,9,244.89,146.156
37,Group1_100Aq,conf_02,7,235.641,150.222
37,Group1_100Aq,conf_02,8,244.971,146.079
37,Group1_100Aq,conf_02,9,255.405,136.804
37,Group1_100Aq,conf_03,7,244.783,146.197
37,Group1_100Aq,conf_03,8,236.166,149.735
37,Group1_100Aq,conf_03,9,255.025,135.471
37,Group1_100Aq,conf_04,7,236.524,149.426
37,Group1_100Aq,conf_04,8,254.936,135.511
37,Group1_100Aq,conf_04,9,244.62,146.352
37,Group1_100Aq,conf_05,7,255.832,136.211
37,Group1_100Aq,conf_05,8,245.046,145.72
37,Group1_100Aq,conf_05,9,232.751,146.171
37,Group1_100Aq,conf_06,7,231.789,146.385
37,Group1_100Aq,conf_06,8,245.394,145.324
37,Group1_100Aq,conf_06,9,255.897,136.415
37,Group1_100Aq,conf_07,7,245.583,145.112
37,Group1_100Aq,conf_07,8,255.824,136.511
37,Group1_100Aq,conf_07,9,231.544,146.272
37,Group1_100Aq,conf_08,7,255.831,136.286
37,Group1_100Aq,conf_08,8,245.171,145.501
37,Group1_100Aq,conf_08,9,232.647,146.208
37,Group1_100Aq,conf_09,7,245.389,145.352
37,Group1_100Aq,conf_09,8,231.846,146.11
37,Group1_100Aq,conf_09,9,255.797,136.474
37,Group1_100Aq,conf_10,7,255.106,135.628
37,Group1_100Aq,conf_10,8,244.745,146.172
37,Group1_100Aq,conf_10,9,235.991,149.874
37,Group2_80-20,conf_01,7,255.444,136.74
37,Group2_80-20,conf_01,8,235.608,150.25
37,Group2_80-20,conf_01,9,244.887,146.149
37,Group2_80-20,conf_02,7,235.632,150.214
37,Group2_80-20,conf_02,8,244.959,146.095
37,Group2_80-20,conf_02,9,255.424,136.782
37,Group2_80-20,conf_03,7,244.78,146.191
37,Group2_80-20,conf_03,8,236.169,149.714
37,Group2_80-20,conf_03,9,255.023,135.484
37,Group2_80-20,conf_04,7,236.527,149.406
37,Group2_80-20,conf_04,8,254.934,135.521
37,Group2_80-20,conf_04,9,244.617,146.347
37,Group2_80-20,conf_05,7,255.83,136.224
37,Group2_80-20,conf_05,8,245.043,145.713
37,Group2_80-20,conf_05,9,232.754,146.152
37,Group2_80-20,conf_06,7,231.794,146.365
37,Group2_80-20,conf_06,8,245.39,145.318
37,Group2_80-20,conf_06,9,255.895,136.427
37,Group2_80-20,conf_07,7,245.58,145.105
37,Group2_80-20,conf_07,8,255.822,136.522
37,Group2_80-20,conf_07,9,231.547,146.254
37,Group2_80-20,conf_08,7,255.828,136.288
37,Group2_80-20,conf_08,8,245.133,145.576
37,Group2_80-20,conf_08,9,232.67,146.135
37,Group2_80-20,conf_09,7,245.413,145.296
37,Group2_80-20,conf_09,8,231.784,146.122
37,Group2_80-20,conf_09,9,255.798,136.514
37,Group2_80-20,conf_10,7,255.104,135.641
37,Group2_80-20,conf_10,8,244.742,146.166
37,Group2_80-20,conf_10,9,235.993,149.855
37,Group3_60-40,conf_01,7,255.443,136.757
37,Group3_60-40,conf_01,8,235.613,150.224
37,Group3_60-40,conf_01,9,244.884,146.14
37,Group3_60-40,conf_02,7,235.652,150.172
37,Group3_60-40,conf_02,8,244.961,146.072
37,Group3_60-40,conf_02,9,255.402,136.827
37,Group3_60-40,conf_03,7,244.775,146.183
37,Group3_60-40,conf_03,8,236.173,149.688
37,Group3_60-40,conf_03,9,255.02,135.5
37,Group3_60-40,conf_04,7,236.53,149.382
37,Group3_60-40,conf_04,8,254.931,135.537
37,Group3_60-40,conf_04,9,244.613,146.338
37,Group3_60-40,conf_05,7,255.829,136.238
37,Group3_60-40,conf_05,8,245.038,145.705
37,Group3_60-40,conf_05,9,232.759,146.128
37,Group3_60-40,conf_06,7,231.8,146.342
37,Group3_60-40,conf_06,8,245.384,145.31
37,Group3_60-40,conf_06,9,255.893,136.442
37,Group3_60-40,conf_07,7,245.562,145.068
37,Group3_60-40,conf_07,8,255.833,136.547
37,Group3_60-40,conf_07,9,231.621,146.249
37,Group3_60-40,conf_08,7,255.821,136.301
37,Group3_60-40,conf_08,8,245.17,145.479
37,Group3_60-40,conf_08,9,232.633,146.197
37,Group3_60-40,conf_09,7,245.378,145.339
37,Group3_60-40,conf_09,8,231.859,146.069
37,Group3_60-40,conf_09,9,255.794,136.499
37,Group3_60-40,conf_10,7,255.101,135.658
37,Group3_60-40,conf_10,8,244.737,146.158
37,Group3_60-40,conf_10,9,235.996,149.829
37,Group4_40-60,conf_01,7,255.44,136.78
37,Group4_40-60,conf_01,8,235.617,150.189
37,Group4_40-60,conf_01,9,244.879,146.128
37,Group4_40-60,conf_02,7,235.58,150.213
37,Group4_40-60,conf_02,8,244.983,146.031
37,Group4_40-60,conf_02,9,255.422,136.854
37,Group4_40-60,conf_03,7,244.769,146.174
37,Group4_40-60,conf_03,8,236.178,149.651
37,Group4_40-60,conf_03,9,255.017,135.521
37,Group4_40-60,conf_04,7,236.534,149.346
37,Group4_40-60,conf_04,8,254.927,135.559
37,Group4_40-60,conf_04,9,244.606,146.328
37,Group4_40-60,conf_05,7,255.825,136.258
37,Group4_40-60,conf_05,8,245.031,145.693
37,Group4_40-60,conf_05,9,232.764,146.096
37,Group4_40-60,conf_06,7,231.807,146.309
37,Group4_40-60,conf_06,8,245.376,145.299
37,Group4_40-60,conf_06,9,255.889,136.462
37,Group4_40-60,conf_07,7,245.556,145.054
37,Group4_40-60,conf_07,8,255.83,136.567
37,Group4_40-60,conf_07,9,231.627,146.218
37,Group4_40-60,conf_08,7,255.812,136.321
37,Group4_40-60,conf_08,8,245.138,145.522
37,Group4_40-60,conf_08,9,232.666,146.13
37,Group4_40-60,conf_09,7,245.394,145.288
37,Group4_40-60,conf_09,8,231.806,146.062
37,Group4_40-60,conf_09,9,255.793,136.544
37,Group4_40-60,conf_10,7,255.097,135.68
37,Group4_40-60,conf_10,8,244.732,146.148
37,Group4_40-60,conf_10,9,236.001,149.792
37,Group5_20-80,conf_01,7,255.43,136.798
37,Group5_20-80,conf_01,8,235.664,150.101
37,Group5_20-80,conf_01,9,244.861,146.126
37,Group5_20-80,conf_02,7,235.571,150.184
37,Group5_20-80,conf_02,8,244.986,145.999
37,Group5_20-80,conf_02,9,255.422,136.885
37,Group5_20-80,conf_03,7,244.76,146.159
37,Group5_20-80,conf_03,8,236.185,149.601
37,Group5_20-80,conf_03,9,255.012,135.551
37,Group5_20-80,conf_04,7,236.539,149.297
37,Group5_20-80,conf_04,8,254.922,135.589
37,Group5_20-80,conf_04,9,244.597,146.313
37,Group5_20-80,conf_05,7,255.821,136.288
37,Group5_20-80,conf_05,8,245.021,145.676
37,Group5_20-80,conf_05,9,232.773,146.049
37,Group5_20-80,conf_06,7,231.819,146.262
37,Group5_20-80,conf_06,8,245.366,145.283
37,Group5_20-80,conf_06,9,255.884,136.492
37,Group5_20-80,conf_07,7,245.546,145.036
37,Group5_20-80,conf_07,8,255.826,136.598
37,Group5_20-80,conf_07,9,231.636,146.175
37,Group5_20-80,conf_08,7,255.809,136.328
37,Group5_20-80,conf_08,8,245.105,145.558
37,Group5_20-80,conf_08,9,232.698,146.062
37,Group5_20-80,conf_09,7,245.358,145.315
37,Group5_20-80,conf_09,8,231.884,145.992
37,Group5_20-80,conf_09,9,255.786,136.546
37,Group5_20-80,conf_10,7,255.091,135.711
37,Group5_20-80,conf_10,8,244.724,146.132
37,Group5_20-80,conf_10,9,236.007,149.742
37,Group6_100Org,conf_01,7,255.424,136.849
37,Group6_100Org,conf_01,8,235.678,150.02
37,Group6_100Org,conf_01,9,244.85,146.1
37,Group6_100Org,conf_02,7,235.575,150.123
37,Group6_100Org,conf_02,8,244.984,145.955
37,Group6_100Org,conf_02,9,255.42,136.931
37,Group6_100Org,conf_03,7,244.745,146.131
37,Group6_100Org,conf_03,8,236.193,149.535
37,Group6_100Org,conf_03,9,255.003,135.602
37,Group6_100Org,conf_04,7,236.548,149.219
37,Group6_100Org,conf_04,8,254.913,135.637
37,Group6_100Org,conf_04,9,244.584,146.29
37,Group6_100Org,conf_05,7,255.815,136.332
37,Group6_100Org,conf_05,8,245.006,145.65
37,Group6_100Org,conf_05,9,232.785,145.978
37,Group6_100Org,conf_06,7,231.837,146.189
37,Group6_100Org,conf_06,8,245.349,145.258
37,Group6_100Org,conf_06,9,255.878,136.536
37,Group6_100Org,conf_07,7,245.53,145.008
37,Group6_100Org,conf_07,8,255.82,136.644
37,Group6_100Org,conf_07,9,231.649,146.106
37,Group6_100Org,conf_08,7,255.795,136.369
37,Group6_100Org,conf_08,8,245.064,145.561
37,Group6_100Org,conf_08,9,232.794,145.955
37,Group6_100Org,conf_09,7,245.315,145.357
37,Group6_100Org,conf_09,8,231.924,145.914
37,Group6_100Org,conf_09,9,255.802,136.551
37,Group6_100Org,conf_10,7,255.082,135.759
37,Group6_100Org,conf_10,8,244.711,146.108
37,Group6_100Org,conf_10,9,236.016,149.663
38,Group1_100Aq,conf_01,8,264.166,135.225
38,Group1_100Aq,conf_01,9,257.95,131.194
38,Group1_100Aq,conf_01,10,257.287,130.728
38,Group1_100Aq,conf_02,8,257.964,131.216
38,Group1_100Aq,conf_02,9,263.428,135.058
38,Group1_100Aq,conf_02,10,257.562,131.309
38,Group1_100Aq,conf_03,8,257.253,130.794
38,Group1_100Aq,conf_03,9,257.502,131.062
38,Group1_100Aq,conf_03,10,263.712,134.682
38,Group1_100Aq,conf_04,8,262.597,133.732
38,Group1_100Aq,conf_04,9,257.325,129.969
38,Group1_100Aq,conf_04,10,256.93,131.434
38,Group1_100Aq,conf_05,8,263.485,134.775
38,Group1_100Aq,conf_05,9,257.889,131.409
38,Group1_100Aq,conf_05,10,257.535,131.407
38,Group1_100Aq,conf_06,8,257.273,130.871
38,Group1_100Aq,conf_06,9,257.437,131.204
38,Group1_100Aq,conf_06,10,263.738,134.822
38,Group1_100Aq,conf_07,8,262.879,133.479
38,Group1_100Aq,conf_07,9,257.19,130.006
38,Group1_100Aq,conf_07,10,257.134,130.408
38,Group1_100Aq,conf_08,8,257.161,130.028
38,Group1_100Aq,conf_08,9,262.846,133.498
38,Group1_100Aq,conf_08,10,257.112,130.457
38,Group1_100Aq,conf_09,8,262.908,133.451
38,Group1_100Aq,conf_09,9,257.176,130.055
38,Group1_100Aq,conf_09,10,257.13,130.388
38,Group1_100Aq,conf_10,8,257.186,129.929
38,Group1_100Aq,conf_10,9,257.049,130.441
38,Group1_100Aq,conf_10,10,262.898,133.625
38,Group1_100Aq,conf_11,8,262.93,133.444
38,Group1_100Aq,conf_11,9,257.187,130.016
38,Group1_100Aq,conf_11,10,257.156,130.319
38,Group1_100Aq,conf_12,8,257.138,130.003
38,Group1_100Aq,conf_12,9,257.052,130.481
38,Group1_100Aq,conf_12,10,262.916,133.584
38,Group1_100Aq,conf_13,8,257.204,130.051
38,Group1_100Aq,conf_13,9,257.111,130.312
38,Group1_100Aq,conf_13,10,262.88,133.59
38,Group1_100Aq,conf_14,8,257.204,130.083
38,Group1_100Aq,conf_14,9,257.159,130.182
38,Group1_100Aq,conf_14,10,262.891,133.509
38,Group1_100Aq,conf_15,8,252.18,122.001
38,Group1_100Aq,conf_15,9,258.747,139.634
38,Group1_100Aq,conf_15,10,252.148,125.951
38,Group2_80-20,conf_01,8,264.167,135.218
38,Group2_80-20,conf_01,9,257.95,131.184
38,Group2_80-20,conf_01,10,257.286,130.727
38,Group2_80-20,conf_02,8,257.965,131.206
38,Group2_80-20,conf_02,9,263.43,135.051
38,Group2_80-20,conf_02,10,257.559,131.31
38,Group2_80-20,conf_03,8,257.249,130.795
38,Group2_80-20,conf_03,9,257.5,131.05
38,Group2_80-20,conf_03,10,263.714,134.672
38,Group2_80-20,conf_04,8,262.598,133.723
38,Group2_80-20,conf_04,9,257.323,129.969
38,Group2_80-20,conf_04,10,256.93,131.432
38,Group2_80-20,conf_05,8,263.486,134.768
38,Group2_80-20,conf_05,9,257.888,131.401
38,Group2_80-20,conf_05,10,257.532,131.408
38,Group2_80-20,conf_06,8,257.27,130.871
38,Group2_80-20,conf_06,9,257.436,131.195
38,Group2_80-20,conf_06,10,263.739,134.816
38,Group2_80-20,conf_07,8,262.879,133.471
38,Group2_80-20,conf_07,9,257.189,130.007
38,Group2_80-20,conf_07,10,257.135,130.402
38,Group2_80-20,conf_08,8,257.159,130.028
38,Group2_80-20,conf_08,9,262.846,133.492
38,Group2_80-20,conf_08,10,257.112,130.452
38,Group2_80-20,conf_09,8,262.908,133.445
38,Group2_80-20,conf_09,9,257.174,130.057
38,Group2_80-20,conf_09,10,257.131,130.382
38,Group2_80-20,conf_10,8,257.185,129.928
38,Group2_80-20,conf_10,9,257.05,130.436
38,Group2_80-20,conf_10,10,262.898,133.618
38,Group2_80-20,conf_11,8,262.93,133.438
38,Group2_80-20,conf_11,9,257.187,130.014
38,Group2_80-20,conf_11,10,257.158,130.313
38,Group2_80-20,conf_12,8,257.137,130.002
38,Group2_80-20,conf_12,9,257.052,130.476
38,Group2_80-20,conf_12,10,262.916,133.578
38,Group2_80-20,conf_13,8,257.203,130.051
38,Group2_80-20,conf_13,9,257.111,130.307
38,Group2_80-20,conf_13,10,262.881,133.583
38,Group2_80-20,conf_14,8,257.203,130.083
38,Group2_80-20,conf_14,9,257.16,130.177
38,Group2_80-20,conf_14,10,262.892,133.501
38,Group2_80-20,conf_15,8,252.177,121.987
38,Group2_80-20,conf_15,9,258.749,139.626
38,Group2_80-20,conf_15,10,252.146,125.956
38,Group3_60-40,conf_01,8,264.168,135.209
38,Group3_60-40,conf_01,9,257.949,131.175
38,Group3_60-40,conf_01,10,257.283,130.726
38,Group3_60-40,conf_02,8,257.964,131.194
38,Group3_60-40,conf_02,9,263.431,135.043
38,Group3_60-40,conf_02,10,257.557,131.31
38,Group3_60-40,conf_03,8,257.247,130.796
38,Group3_60-40,conf_03,9,257.5,131.039
38,Group3_60-40,conf_03,10,263.715,134.663
38,Group3_60-40,conf_04,8,262.598,133.713
38,Group3_60-40,conf_04,9,257.321,129.968
38,Group3_60-40,conf_04,10,256.93,131.428
38,Group3_60-40,conf_05,8,263.487,134.76
38,Group3_60-40,conf_05,9,257.888,131.389
38,Group3_60-40,conf_05,10,257.529,131.407
38,Group3_60-40,conf_06,8,257.268,130.872
38,Group3_60-40,conf_06,9,257.436,131.183
38,Group3_60-40,conf_06,10,263.74,134.807
38,Group3_60-40,conf_07,8,262.879,133.463
38,Group3_60-40,conf_07,9,257.186,130.006
38,Group3_60-40,conf_07,10,257.135,130.397
38,Group3_60-40,conf_08,8,257.157,130.028
38,Group3_60-40,conf_08,9,262.847,133.481
38,Group3_60-40,conf_08,10,257.113,130.445
38,Group3_60-40,conf_09,8,262.909,133.434
38,Group3_60-40,conf_09,9,257.172,130.056
38,Group3_60-40,conf_09,10,257.131,130.377
38,Group3_60-40,conf_10,8,257.182,129.928
38,Group3_60-40,conf_10,9,257.051,130.43
38,Group3_60-40,conf_10,10,262.898,133.608
38,Group3_60-40,conf_11,8,262.93,133.428
38,Group3_60-40,conf_11,9,257.183,130.016
38,Group3_60-40,conf_11,10,257.157,130.309
38,Group3_60-40,conf_12,8,257.135,130.001
38,Group3_60-40,conf_12,9,257.053,130.47
38,Group3_60-40,conf_12,10,262.917,133.567
38,Group3_60-40,conf_13,8,257.201,130.051
38,Group3_60-40,conf_13,9,257.112,130.3
38,Group3_60-40,conf_13,10,262.881,133.573
38,Group3_60-40,conf_14,8,257.201,130.084
38,Group3_60-40,conf_14,9,257.161,130.17
38,Group3_60-40,conf_14,10,262.892,133.491
38,Group3_60-40,conf_15,8,252.174,121.968
38,Group3_60-40,conf_15,9,258.752,139.617
38,Group3_60-40,conf_15,10,252.143,125.96
38,Group4_40-60,conf_01,8,264.17,135.197
38,Group4_40-60,conf_01,9,257.948,131.159
38,Group4_40-60,conf_01,10,257.28,130.727
38,Group4_40-60,conf_02,8,257.965,131.177
38,Group4_40-60,conf_02,9,263.433,135.03
38,Group4_40-60,conf_02,10,257.552,131.31
38,Group4_40-60,conf_03,8,257.243,130.796
38,Group4_40-60,conf_03,9,257.5,131.023
38,Group4_40-60,conf_03,10,263.717,134.652
38,Group4_40-60,conf_04,8,262.6,133.696
38,Group4_40-60,conf_04,9,257.319,129.966
38,Group4_40-60,conf_04,10,256.931,131.422
38,Group4_40-60,conf_05,8,263.49,134.747
38,Group4_40-60,conf_05,9,257.887,131.372
38,Group4_40-60,conf_05,10,257.525,131.408
38,Group4_40-60,conf_06,8,257.264,130.871
38,Group4_40-60,conf_06,9,257.436,131.168
38,Group4_40-60,conf_06,10,263.742,134.795
38,Group4_40-60,conf_07,8,262.879,133.45
38,Group4_40-60,conf_07,9,257.183,130.007
38,Group4_40-60,conf_07,10,257.136,130.387
38,Group4_40-60,conf_08,8,257.154,130.027
38,Group4_40-60,conf_08,9,262.847,133.468
38,Group4_40-60,conf_08,10,257.114,130.436
38,Group4_40-60,conf_09,8,262.897,133.443
38,Group4_40-60,conf_09,9,257.17,130.062
38,Group4_40-60,conf_09,10,257.115,130.429
38,Group4_40-60,conf_10,8,257.179,129.928
38,Group4_40-60,conf_10,9,257.053,130.42
38,Group4_40-60,conf_10,10,262.899,133.593
38,Group4_40-60,conf_11,8,262.932,133.416
38,Group4_40-60,conf_11,9,257.183,130.014
38,Group4_40-60,conf_11,10,257.16,130.297
38,Group4_40-60,conf_12,8,257.132,130.001
38,Group4_40-60,conf_12,9,257.054,130.46
38,Group4_40-60,conf_12,10,262.918,133.552
38,Group4_40-60,conf_13,8,257.198,130.052
38,Group4_40-60,conf_13,9,257.113,130.292
38,Group4_40-60,conf_13,10,262.882,133.558
38,Group4_40-60,conf_14,8,257.198,130.085
38,Group4_40-60,conf_14,9,257.162,130.162
38,Group4_40-60,conf_14,10,262.893,133.477
38,Group4_40-60,conf_15,8,252.167,121.946
38,Group4_40-60,conf_15,9,258.755,139.606
38,Group4_40-60,conf_15,10,252.139,125.966
38,Group5_20-80,conf_01,8,264.172,135.181
38,Group5_20-80,conf_01,9,257.947,131.137
38,Group5_20-80,conf_01,10,257.275,130.726
38,Group5_20-80,conf_02,8,257.964,131.154
38,Group5_20-80,conf_02,9,263.436,135.011
38,Group5_20-80,conf_02,10,257.546,131.313
38,Group5_20-80,conf_03,8,257.238,130.796
38,Group5_20-80,conf_03,9,257.498,131.002
38,Group5_20-80,conf_03,10,263.72,134.635
38,Group5_20-80,conf_04,8,262.602,133.675
38,Group5_20-80,conf_04,9,257.315,129.965
38,Group5_20-80,conf_04,10,256.931,131.414
38,Group5_20-80,conf_05,8,263.492,134.731
38,Group5_20-80,conf_05,9,257.886,131.349
38,Group5_20-80,conf_05,10,257.519,131.407
38,Group5_20-80,conf_06,8,257.259,130.87
38,Group5_20-80,conf_06,9,257.435,131.145
38,Group5_20-80,conf_06,10,263.743,134.779
38,Group5_20-80,conf_07,8,262.88,133.432
38,Group5_20-80,conf_07,9,257.179,130.007
38,Group5_20-80,conf_07,10,257.137,130.375
38,Group5_20-80,conf_08,8,257.165,129.991
38,Group5_20-80,conf_08,9,262.823,133.5
38,Group5_20-80,conf_08,10,257.125,130.399
38,Group5_20-80,conf_09,8,262.897,133.425
38,Group5_20-80,conf_09,9,257.166,130.061
38,Group5_20-80,conf_09,10,257.116,130.416
38,Group5_20-80,conf_10,8,257.175,129.928
38,Group5_20-80,conf_10,9,257.055,130.407
38,Group5_20-80,conf_10,10,262.899,133.574
38,Group5_20-80,conf_11,8,262.932,133.397
38,Group5_20-80,conf_11,9,257.177,130.015
38,Group5_20-80,conf_11,10,257.16,130.287
38,Group5_20-80,conf_12,8,257.128,129.999
38,Group5_20-80,conf_12,9,257.056,130.448
38,Group5_20-80,conf_12,10,262.919,133.533
38,Group5_20-80,conf_13,8,257.193,130.053
38,Group5_20-80,conf_13,9,257.115,130.278
38,Group5_20-80,conf_13,10,262.883,133.539
38,Group5_20-80,conf_14,8,257.194,130.085
38,Group5_20-80,conf_14,9,257.164,130.147
38,Group5_20-80,conf_14,10,262.894,133.458
38,Group5_20-80,conf_15,8,252.16,121.911
38,Group5_20-80,conf_15,9,258.76,139.589
38,Group5_20-80,conf_15,10,252.134,125.975
38,Group6_100Org,conf_01,8,264.176,135.153
38,Group6_100Org,conf_01,9,257.946,131.102
38,Group6_100Org,conf_01,10,257.267,130.725
38,Group6_100Org,conf_02,8,257.964,131.118
38,Group6_100Org,conf_02,9,263.44,134.983
38,Group6_100Org,conf_02,10,257.537,131.313
38,Group6_100Org,conf_03,8,257.232,130.795
38,Group6_100Org,conf_03,9,257.497,130.972
38,Group6_100Org,conf_03,10,263.723,134.615
38,Group6_100Org,conf_04,8,262.605,133.641
38,Group6_100Org,conf_04,9,257.308,129.961
38,Group6_100Org,conf_04,10,256.932,131.404
38,Group6_100Org,conf_05,8,263.495,134.705
38,Group6_100Org,conf_05,9,257.884,131.315
38,Group6_100Org,conf_05,10,257.509,131.407
38,Group6_100Org,conf_06,8,257.251,130.869
38,Group6_100Org,conf_06,9,257.434,131.111
38,Group6_100Org,conf_06,10,263.747,134.754
38,Group6_100Org,conf_07,8,262.881,133.405
38,Group6_100Org,conf_07,9,257.172,130.006
38,Group6_100Org,conf_07,10,257.138,130.356
38,Group6_100Org,conf_08,8,257.159,129.99
38,Group6_100Org,conf_08,9,262.824,133.471
38,Group6_100Org,conf_08,10,257.129,130.375
38,Group6_100Org,conf_09,8,262.899,133.396
38,Group6_100Org,conf_09,9,257.16,130.061
38,Group6_100Org,conf_09,10,257.118,130.398
38,Group6_100Org,conf_10,8,257.169,129.927
38,Group6_100Org,conf_10,9,257.059,130.386
38,Group6_100Org,conf_10,10,262.9,133.544
38,Group6_100Org,conf_11,8,262.933,133.369
38,Group6_100Org,conf_11,9,257.17,130.016
38,Group6_100Org,conf_11,10,257.162,130.268
38,Group6_100Org,conf_12,8,257.122,129.998
38,Group6_100Org,conf_12,9,257.058,130.428
38,Group6_100Org,conf_12,10,262.92,133.502
38,Group6_100Org,conf_13,8,257.187,130.053
38,Group6_100Org,conf_13,9,257.117,130.259
38,Group6_100Org,conf_13,10,262.885,133.507
38,Group6_100Org,conf_14,8,257.188,130.087
38,Group6_100Org,conf_14,9,257.167,130.126
38,Group6_100Org,conf_14,10,262.897,133.427
38,Group6_100Org,conf_15,8,252.148,121.857
38,Group6_100Org,conf_15,9,258.768,139.561
38,Group6_100Org,conf_15,10,252.125,125.99